id,Condition,item_id,share,share01
101,0,1,1,0.0
102,0,1,1,0.0
103,0,1,2,0.2
104,0,1,1,0.0
105,0,1,1,0.0
106,0,1,1,0.0
107,0,1,1,0.0
108,0,1,1,0.0
109,0,1,2,0.2
110,0,1,1,0.0
111,0,1,1,0.0
112,0,1,1,0.0
113,0,1,1,0.0
114,0,1,1,0.0
115,0,1,1,0.0
116,0,1,1,0.0
117,0,1,4,0.6
118,0,1,1,0.0
119,0,1,1,0.0
120,0,1,1,0.0
121,0,1,1,0.0
122,0,1,1,0.0
123,0,1,1,0.0
124,0,1,1,0.0
125,0,1,1,0.0
126,0,1,2,0.2
127,0,1,2,0.2
128,0,1,1,0.0
129,0,1,1,0.0
130,0,1,1,0.0
131,0,1,1,0.0
132,0,1,1,0.0
133,0,1,2,0.2
134,0,1,1,0.0
135,0,1,2,0.2
136,0,1,1,0.0
137,0,1,1,0.0
138,0,1,1,0.0
139,0,1,1,0.0
140,0,1,5,0.8
141,0,1,1,0.0
142,0,1,1,0.0
143,0,1,1,0.0
144,0,1,1,0.0
145,0,1,1,0.0
146,0,1,1,0.0
147,0,1,1,0.0
148,0,1,1,0.0
149,0,1,1,0.0
150,0,1,1,0.0
151,0,1,1,0.0
152,0,1,2,0.2
153,0,1,1,0.0
154,0,1,3,0.4
155,0,1,1,0.0
156,0,1,1,0.0
157,0,1,1,0.0
158,0,1,1,0.0
159,0,1,1,0.0
160,0,1,1,0.0
161,0,1,1,0.0
162,0,1,1,0.0
163,0,1,2,0.2
164,0,1,1,0.0
165,0,1,2,0.2
166,0,1,1,0.0
167,0,1,1,0.0
168,0,1,2,0.2
169,0,1,1,0.0
170,0,1,1,0.0
171,0,1,2,0.2
172,0,1,1,0.0
173,0,1,1,0.0
174,0,1,1,0.0
175,0,1,2,0.2
176,0,1,1,0.0
177,0,1,1,0.0
178,0,1,1,0.0
179,0,1,1,0.0
180,0,1,1,0.0
181,0,1,1,0.0
182,0,1,4,0.6
183,0,1,1,0.0
184,0,1,4,0.6
185,0,1,1,0.0
186,0,1,3,0.4
187,0,1,1,0.0
188,0,1,1,0.0
189,0,1,1,0.0
190,0,1,1,0.0
191,0,1,1,0.0
192,0,1,1,0.0
193,0,1,6,1.0
194,0,1,1,0.0
195,0,1,5,0.8
196,0,1,1,0.0
197,0,1,1,0.0
198,0,1,1,0.0
199,0,1,1,0.0
200,0,1,1,0.0
201,0,1,1,0.0
202,0,1,3,0.4
203,0,1,1,0.0
204,0,1,5,0.8
205,0,1,1,0.0
206,0,1,1,0.0
207,0,1,5,0.8
208,0,1,1,0.0
209,0,1,1,0.0
210,0,1,5,0.8
211,0,1,1,0.0
212,0,1,1,0.0
213,0,1,1,0.0
214,0,1,5,0.8
215,0,1,5,0.8
216,0,1,2,0.2
217,0,1,1,0.0
218,0,1,1,0.0
219,0,1,5,0.8
220,0,1,1,0.0
221,0,1,1,0.0
222,0,1,1,0.0
223,0,1,4,0.6
224,0,1,5,0.8
225,0,1,4,0.6
226,0,1,1,0.0
227,0,1,1,0.0
228,0,1,1,0.0
229,0,1,4,0.6
230,0,1,1,0.0
231,0,1,3,0.4
232,0,1,1,0.0
233,0,1,3,0.4
234,0,1,1,0.0
235,0,1,1,0.0
236,0,1,2,0.2
237,0,1,3,0.4
238,0,1,2,0.2
239,0,1,1,0.0
240,0,1,1,0.0
241,0,1,1,0.0
242,0,1,2,0.2
243,0,1,1,0.0
244,0,1,3,0.4
245,0,1,1,0.0
246,0,1,1,0.0
247,0,1,1,0.0
248,0,1,1,0.0
249,0,1,1,0.0
250,0,1,1,0.0
251,0,1,1,0.0
252,0,1,1,0.0
253,0,1,1,0.0
254,0,1,2,0.2
255,0,1,1,0.0
256,0,1,1,0.0
257,0,1,1,0.0
258,0,1,5,0.8
259,0,1,1,0.0
260,0,1,2,0.2
261,0,1,1,0.0
262,0,1,1,0.0
263,0,1,1,0.0
264,0,1,2,0.2
265,0,1,1,0.0
266,0,1,3,0.4
267,0,1,1,0.0
268,0,1,3,0.4
269,0,1,1,0.0
270,0,1,1,0.0
271,0,1,3,0.4
272,0,1,1,0.0
273,0,1,1,0.0
274,0,1,1,0.0
275,0,1,1,0.0
276,0,1,3,0.4
277,0,1,1,0.0
278,0,1,5,0.8
279,0,1,5,0.8
280,0,1,6,1.0
281,0,1,1,0.0
282,0,1,1,0.0
283,0,1,5,0.8
284,0,1,6,1.0
285,0,1,1,0.0
286,0,1,1,0.0
287,0,1,1,0.0
288,0,1,1,0.0
289,0,1,1,0.0
290,0,1,1,0.0
291,0,1,1,0.0
292,0,1,1,0.0
293,0,1,4,0.6
294,0,1,1,0.0
295,0,1,4,0.6
296,0,1,6,1.0
297,0,1,1,0.0
298,0,1,1,0.0
299,0,1,1,0.0
300,0,1,4,0.6
301,0,1,1,0.0
302,0,1,1,0.0
303,0,1,1,0.0
304,0,1,1,0.0
305,0,1,1,0.0
306,0,1,3,0.4
307,0,1,1,0.0
308,0,1,1,0.0
309,0,1,2,0.2
310,0,1,1,0.0
311,0,1,2,0.2
312,0,1,4,0.6
313,0,1,1,0.0
314,0,1,5,0.8
315,0,1,3,0.4
316,0,1,3,0.4
317,0,1,3,0.4
318,0,1,1,0.0
319,0,1,2,0.2
320,0,1,4,0.6
321,0,1,1,0.0
322,0,1,4,0.6
323,0,1,5,0.8
324,0,1,1,0.0
325,0,1,1,0.0
326,0,1,4,0.6
327,0,1,2,0.2
328,0,1,5,0.8
329,0,1,1,0.0
330,0,1,1,0.0
331,0,1,3,0.4
332,0,1,4,0.6
333,0,1,1,0.0
334,0,1,6,1.0
335,0,1,1,0.0
336,0,1,4,0.6
337,0,1,3,0.4
338,0,1,4,0.6
339,0,1,1,0.0
340,0,1,2,0.2
341,0,1,1,0.0
342,0,1,3,0.4
343,0,1,1,0.0
344,0,1,1,0.0
345,0,1,1,0.0
346,0,1,1,0.0
347,0,1,5,0.8
348,0,1,1,0.0
349,0,1,4,0.6
350,0,1,1,0.0
351,0,1,1,0.0
352,0,1,1,0.0
353,0,1,5,0.8
354,0,1,3,0.4
355,0,1,3,0.4
356,0,1,2,0.2
357,0,1,1,0.0
358,0,1,2,0.2
359,0,1,1,0.0
360,0,1,1,0.0
361,1,1,1,0.0
362,1,1,1,0.0
363,1,1,1,0.0
364,1,1,1,0.0
365,1,1,1,0.0
366,1,1,1,0.0
367,1,1,1,0.0
368,1,1,1,0.0
369,1,1,4,0.6
370,1,1,5,0.8
371,1,1,1,0.0
372,1,1,5,0.8
373,1,1,1,0.0
374,1,1,5,0.8
375,1,1,1,0.0
376,1,1,1,0.0
377,1,1,5,0.8
378,1,1,5,0.8
379,1,1,2,0.2
380,1,1,3,0.4
381,1,1,1,0.0
382,1,1,2,0.2
383,1,1,1,0.0
384,1,1,1,0.0
385,1,1,1,0.0
386,1,1,1,0.0
387,1,1,2,0.2
388,1,1,1,0.0
389,1,1,1,0.0
390,1,1,1,0.0
391,1,1,1,0.0
392,1,1,1,0.0
393,1,1,1,0.0
394,1,1,1,0.0
395,1,1,1,0.0
396,1,1,2,0.2
397,1,1,2,0.2
398,1,1,2,0.2
399,1,1,3,0.4
400,1,1,1,0.0
401,1,1,1,0.0
402,1,1,1,0.0
403,1,1,1,0.0
404,1,1,1,0.0
405,1,1,1,0.0
406,1,1,1,0.0
407,1,1,1,0.0
408,1,1,2,0.2
409,1,1,3,0.4
410,1,1,1,0.0
411,1,1,1,0.0
412,1,1,1,0.0
413,1,1,1,0.0
414,1,1,1,0.0
415,1,1,1,0.0
416,1,1,1,0.0
417,1,1,1,0.0
418,1,1,1,0.0
419,1,1,1,0.0
420,1,1,2,0.2
421,1,1,1,0.0
422,1,1,1,0.0
423,1,1,4,0.6
424,1,1,4,0.6
425,1,1,5,0.8
426,1,1,6,1.0
427,1,1,1,0.0
428,1,1,1,0.0
429,1,1,1,0.0
430,1,1,1,0.0
431,1,1,1,0.0
432,1,1,5,0.8
433,1,1,1,0.0
434,1,1,1,0.0
435,1,1,1,0.0
436,1,1,1,0.0
437,1,1,5,0.8
438,1,1,1,0.0
439,1,1,1,0.0
440,1,1,1,0.0
441,1,1,1,0.0
442,1,1,1,0.0
443,1,1,1,0.0
444,1,1,1,0.0
445,1,1,1,0.0
446,1,1,1,0.0
447,1,1,1,0.0
448,1,1,1,0.0
449,1,1,1,0.0
450,1,1,1,0.0
451,1,1,2,0.2
452,1,1,1,0.0
453,1,1,1,0.0
454,1,1,1,0.0
455,1,1,1,0.0
456,1,1,1,0.0
457,1,1,1,0.0
458,1,1,1,0.0
459,1,1,1,0.0
460,1,1,1,0.0
461,1,1,1,0.0
462,1,1,1,0.0
463,1,1,5,0.8
464,1,1,1,0.0
465,1,1,1,0.0
466,1,1,1,0.0
467,1,1,1,0.0
468,1,1,5,0.8
469,1,1,5,0.8
470,1,1,5,0.8
471,1,1,1,0.0
472,1,1,4,0.6
473,1,1,1,0.0
474,1,1,4,0.6
475,1,1,2,0.2
476,1,1,1,0.0
477,1,1,1,0.0
478,1,1,1,0.0
479,1,1,4,0.6
480,1,1,1,0.0
481,1,1,1,0.0
482,1,1,1,0.0
483,1,1,1,0.0
484,1,1,1,0.0
485,1,1,1,0.0
486,1,1,1,0.0
487,1,1,1,0.0
488,1,1,1,0.0
489,1,1,1,0.0
490,1,1,1,0.0
491,1,1,1,0.0
492,1,1,1,0.0
493,1,1,1,0.0
494,1,1,1,0.0
495,1,1,1,0.0
496,1,1,1,0.0
497,1,1,1,0.0
498,1,1,1,0.0
499,1,1,3,0.4
500,1,1,1,0.0
501,1,1,5,0.8
502,1,1,1,0.0
503,1,1,1,0.0
504,1,1,1,0.0
505,1,1,4,0.6
506,1,1,1,0.0
507,1,1,1,0.0
508,1,1,1,0.0
509,1,1,1,0.0
510,1,1,5,0.8
511,1,1,2,0.2
512,1,1,1,0.0
513,1,1,1,0.0
514,1,1,1,0.0
515,1,1,1,0.0
516,1,1,1,0.0
517,1,1,1,0.0
518,1,1,1,0.0
519,1,1,1,0.0
520,1,1,6,1.0
521,1,1,1,0.0
522,1,1,1,0.0
523,1,1,6,1.0
524,1,1,1,0.0
525,1,1,2,0.2
526,1,1,1,0.0
527,1,1,1,0.0
528,1,1,1,0.0
529,1,1,1,0.0
530,1,1,1,0.0
531,1,1,1,0.0
532,1,1,1,0.0
533,1,1,1,0.0
534,1,1,1,0.0
535,1,1,1,0.0
536,1,1,2,0.2
537,1,1,1,0.0
538,1,1,5,0.8
539,1,1,1,0.0
540,1,1,1,0.0
541,1,1,1,0.0
542,1,1,1,0.0
543,1,1,1,0.0
544,1,1,1,0.0
545,1,1,1,0.0
546,1,1,4,0.6
547,1,1,1,0.0
548,1,1,1,0.0
549,1,1,1,0.0
550,1,1,1,0.0
551,1,1,1,0.0
552,1,1,1,0.0
553,1,1,1,0.0
554,1,1,1,0.0
555,1,1,1,0.0
556,1,1,6,1.0
557,1,1,1,0.0
558,1,1,4,0.6
559,1,1,3,0.4
560,1,1,1,0.0
561,1,1,4,0.6
562,1,1,5,0.8
563,1,1,1,0.0
564,1,1,1,0.0
565,1,1,1,0.0
566,1,1,1,0.0
567,1,1,1,0.0
568,1,1,1,0.0
569,1,1,1,0.0
570,1,1,1,0.0
571,1,1,1,0.0
572,1,1,1,0.0
573,1,1,1,0.0
574,1,1,1,0.0
575,1,1,2,0.2
576,1,1,1,0.0
577,1,1,6,1.0
578,1,1,1,0.0
579,1,1,1,0.0
580,1,1,1,0.0
581,1,1,1,0.0
582,1,1,1,0.0
583,1,1,1,0.0
584,1,1,1,0.0
585,1,1,1,0.0
586,1,1,4,0.6
587,1,1,1,0.0
588,1,1,1,0.0
589,1,1,1,0.0
590,1,1,1,0.0
591,1,1,2,0.2
592,1,1,1,0.0
593,1,1,1,0.0
594,1,1,1,0.0
595,1,1,1,0.0
596,1,1,1,0.0
597,1,1,1,0.0
598,1,1,1,0.0
599,1,1,1,0.0
600,1,1,5,0.8
601,1,1,1,0.0
101,0,2,1,0.0
102,0,2,1,0.0
103,0,2,1,0.0
104,0,2,1,0.0
105,0,2,1,0.0
106,0,2,1,0.0
107,0,2,1,0.0
108,0,2,1,0.0
109,0,2,3,0.4
110,0,2,1,0.0
111,0,2,1,0.0
112,0,2,1,0.0
113,0,2,1,0.0
114,0,2,1,0.0
115,0,2,1,0.0
116,0,2,1,0.0
117,0,2,3,0.4
118,0,2,1,0.0
119,0,2,3,0.4
120,0,2,1,0.0
121,0,2,1,0.0
122,0,2,1,0.0
123,0,2,1,0.0
124,0,2,1,0.0
125,0,2,1,0.0
126,0,2,1,0.0
127,0,2,1,0.0
128,0,2,1,0.0
129,0,2,1,0.0
130,0,2,3,0.4
131,0,2,1,0.0
132,0,2,1,0.0
133,0,2,1,0.0
134,0,2,1,0.0
135,0,2,1,0.0
136,0,2,1,0.0
137,0,2,1,0.0
138,0,2,5,0.8
139,0,2,1,0.0
140,0,2,6,1.0
141,0,2,1,0.0
142,0,2,4,0.6
143,0,2,2,0.2
144,0,2,1,0.0
145,0,2,1,0.0
146,0,2,1,0.0
147,0,2,1,0.0
148,0,2,2,0.2
149,0,2,1,0.0
150,0,2,1,0.0
151,0,2,1,0.0
152,0,2,2,0.2
153,0,2,2,0.2
154,0,2,3,0.4
155,0,2,1,0.0
156,0,2,1,0.0
157,0,2,1,0.0
158,0,2,1,0.0
159,0,2,1,0.0
160,0,2,1,0.0
161,0,2,1,0.0
162,0,2,1,0.0
163,0,2,1,0.0
164,0,2,1,0.0
165,0,2,1,0.0
166,0,2,2,0.2
167,0,2,1,0.0
168,0,2,1,0.0
169,0,2,1,0.0
170,0,2,1,0.0
171,0,2,2,0.2
172,0,2,2,0.2
173,0,2,1,0.0
174,0,2,1,0.0
175,0,2,2,0.2
176,0,2,1,0.0
177,0,2,1,0.0
178,0,2,3,0.4
179,0,2,1,0.0
180,0,2,1,0.0
181,0,2,2,0.2
182,0,2,4,0.6
183,0,2,1,0.0
184,0,2,3,0.4
185,0,2,5,0.8
186,0,2,5,0.8
187,0,2,2,0.2
188,0,2,1,0.0
189,0,2,1,0.0
190,0,2,4,0.6
191,0,2,1,0.0
192,0,2,1,0.0
193,0,2,5,0.8
194,0,2,1,0.0
195,0,2,4,0.6
196,0,2,1,0.0
197,0,2,3,0.4
198,0,2,1,0.0
199,0,2,1,0.0
200,0,2,1,0.0
201,0,2,1,0.0
202,0,2,5,0.8
203,0,2,1,0.0
204,0,2,5,0.8
205,0,2,1,0.0
206,0,2,1,0.0
207,0,2,3,0.4
208,0,2,1,0.0
209,0,2,1,0.0
210,0,2,5,0.8
211,0,2,1,0.0
212,0,2,1,0.0
213,0,2,1,0.0
214,0,2,5,0.8
215,0,2,5,0.8
216,0,2,2,0.2
217,0,2,1,0.0
218,0,2,1,0.0
219,0,2,5,0.8
220,0,2,1,0.0
221,0,2,1,0.0
222,0,2,1,0.0
223,0,2,5,0.8
224,0,2,4,0.6
225,0,2,5,0.8
226,0,2,1,0.0
227,0,2,1,0.0
228,0,2,1,0.0
229,0,2,4,0.6
230,0,2,1,0.0
231,0,2,1,0.0
232,0,2,1,0.0
233,0,2,3,0.4
234,0,2,1,0.0
235,0,2,1,0.0
236,0,2,3,0.4
237,0,2,2,0.2
238,0,2,1,0.0
239,0,2,1,0.0
240,0,2,1,0.0
241,0,2,1,0.0
242,0,2,3,0.4
243,0,2,1,0.0
244,0,2,1,0.0
245,0,2,3,0.4
246,0,2,1,0.0
247,0,2,1,0.0
248,0,2,1,0.0
249,0,2,2,0.2
250,0,2,4,0.6
251,0,2,1,0.0
252,0,2,1,0.0
253,0,2,1,0.0
254,0,2,3,0.4
255,0,2,2,0.2
256,0,2,1,0.0
257,0,2,1,0.0
258,0,2,2,0.2
259,0,2,1,0.0
260,0,2,6,1.0
261,0,2,1,0.0
262,0,2,2,0.2
263,0,2,1,0.0
264,0,2,1,0.0
265,0,2,1,0.0
266,0,2,3,0.4
267,0,2,1,0.0
268,0,2,6,1.0
269,0,2,3,0.4
270,0,2,1,0.0
271,0,2,2,0.2
272,0,2,1,0.0
273,0,2,1,0.0
274,0,2,1,0.0
275,0,2,1,0.0
276,0,2,2,0.2
277,0,2,1,0.0
278,0,2,1,0.0
279,0,2,5,0.8
280,0,2,1,0.0
281,0,2,5,0.8
282,0,2,1,0.0
283,0,2,5,0.8
284,0,2,6,1.0
285,0,2,1,0.0
286,0,2,1,0.0
287,0,2,1,0.0
288,0,2,1,0.0
289,0,2,2,0.2
290,0,2,1,0.0
291,0,2,3,0.4
292,0,2,1,0.0
293,0,2,1,0.0
294,0,2,1,0.0
295,0,2,5,0.8
296,0,2,1,0.0
297,0,2,1,0.0
298,0,2,2,0.2
299,0,2,1,0.0
300,0,2,4,0.6
301,0,2,2,0.2
302,0,2,1,0.0
303,0,2,2,0.2
304,0,2,1,0.0
305,0,2,1,0.0
306,0,2,4,0.6
307,0,2,5,0.8
308,0,2,4,0.6
309,0,2,3,0.4
310,0,2,1,0.0
311,0,2,3,0.4
312,0,2,3,0.4
313,0,2,4,0.6
314,0,2,3,0.4
315,0,2,3,0.4
316,0,2,2,0.2
317,0,2,1,0.0
318,0,2,5,0.8
319,0,2,1,0.0
320,0,2,3,0.4
321,0,2,1,0.0
322,0,2,5,0.8
323,0,2,4,0.6
324,0,2,1,0.0
325,0,2,1,0.0
326,0,2,4,0.6
327,0,2,2,0.2
328,0,2,4,0.6
329,0,2,1,0.0
330,0,2,1,0.0
331,0,2,5,0.8
332,0,2,5,0.8
333,0,2,1,0.0
334,0,2,1,0.0
335,0,2,1,0.0
336,0,2,5,0.8
337,0,2,6,1.0
338,0,2,4,0.6
339,0,2,3,0.4
340,0,2,2,0.2
341,0,2,1,0.0
342,0,2,3,0.4
343,0,2,2,0.2
344,0,2,1,0.0
345,0,2,1,0.0
346,0,2,4,0.6
347,0,2,6,1.0
348,0,2,1,0.0
349,0,2,4,0.6
350,0,2,1,0.0
351,0,2,3,0.4
352,0,2,1,0.0
353,0,2,4,0.6
354,0,2,2,0.2
355,0,2,4,0.6
356,0,2,4,0.6
357,0,2,1,0.0
358,0,2,3,0.4
359,0,2,1,0.0
360,0,2,1,0.0
361,1,2,6,1.0
362,1,2,1,0.0
363,1,2,1,0.0
364,1,2,1,0.0
365,1,2,1,0.0
366,1,2,1,0.0
367,1,2,6,1.0
368,1,2,1,0.0
369,1,2,3,0.4
370,1,2,5,0.8
371,1,2,1,0.0
372,1,2,6,1.0
373,1,2,1,0.0
374,1,2,6,1.0
375,1,2,2,0.2
376,1,2,1,0.0
377,1,2,4,0.6
378,1,2,6,1.0
379,1,2,1,0.0
380,1,2,4,0.6
381,1,2,4,0.6
382,1,2,1,0.0
383,1,2,1,0.0
384,1,2,5,0.8
385,1,2,2,0.2
386,1,2,1,0.0
387,1,2,1,0.0
388,1,2,3,0.4
389,1,2,1,0.0
390,1,2,1,0.0
391,1,2,1,0.0
392,1,2,1,0.0
393,1,2,1,0.0
394,1,2,1,0.0
395,1,2,1,0.0
396,1,2,1,0.0
397,1,2,1,0.0
398,1,2,1,0.0
399,1,2,5,0.8
400,1,2,1,0.0
401,1,2,1,0.0
402,1,2,1,0.0
403,1,2,1,0.0
404,1,2,1,0.0
405,1,2,1,0.0
406,1,2,2,0.2
407,1,2,2,0.2
408,1,2,2,0.2
409,1,2,3,0.4
410,1,2,1,0.0
411,1,2,1,0.0
412,1,2,1,0.0
413,1,2,2,0.2
414,1,2,1,0.0
415,1,2,1,0.0
416,1,2,1,0.0
417,1,2,1,0.0
418,1,2,1,0.0
419,1,2,1,0.0
420,1,2,1,0.0
421,1,2,1,0.0
422,1,2,2,0.2
423,1,2,5,0.8
424,1,2,4,0.6
425,1,2,5,0.8
426,1,2,6,1.0
427,1,2,1,0.0
428,1,2,1,0.0
429,1,2,1,0.0
430,1,2,1,0.0
431,1,2,3,0.4
432,1,2,3,0.4
433,1,2,1,0.0
434,1,2,1,0.0
435,1,2,1,0.0
436,1,2,1,0.0
437,1,2,4,0.6
438,1,2,1,0.0
439,1,2,1,0.0
440,1,2,1,0.0
441,1,2,1,0.0
442,1,2,1,0.0
443,1,2,1,0.0
444,1,2,1,0.0
445,1,2,2,0.2
446,1,2,2,0.2
447,1,2,1,0.0
448,1,2,1,0.0
449,1,2,1,0.0
450,1,2,1,0.0
451,1,2,1,0.0
452,1,2,4,0.6
453,1,2,1,0.0
454,1,2,1,0.0
455,1,2,1,0.0
456,1,2,1,0.0
457,1,2,1,0.0
458,1,2,1,0.0
459,1,2,1,0.0
460,1,2,3,0.4
461,1,2,1,0.0
462,1,2,1,0.0
463,1,2,4,0.6
464,1,2,5,0.8
465,1,2,1,0.0
466,1,2,1,0.0
467,1,2,1,0.0
468,1,2,6,1.0
469,1,2,4,0.6
470,1,2,4,0.6
471,1,2,1,0.0
472,1,2,5,0.8
473,1,2,1,0.0
474,1,2,2,0.2
475,1,2,2,0.2
476,1,2,1,0.0
477,1,2,2,0.2
478,1,2,1,0.0
479,1,2,1,0.0
480,1,2,1,0.0
481,1,2,1,0.0
482,1,2,1,0.0
483,1,2,1,0.0
484,1,2,1,0.0
485,1,2,1,0.0
486,1,2,1,0.0
487,1,2,1,0.0
488,1,2,1,0.0
489,1,2,1,0.0
490,1,2,1,0.0
491,1,2,1,0.0
492,1,2,1,0.0
493,1,2,1,0.0
494,1,2,1,0.0
495,1,2,1,0.0
496,1,2,1,0.0
497,1,2,1,0.0
498,1,2,1,0.0
499,1,2,3,0.4
500,1,2,1,0.0
501,1,2,4,0.6
502,1,2,1,0.0
503,1,2,2,0.2
504,1,2,1,0.0
505,1,2,4,0.6
506,1,2,1,0.0
507,1,2,1,0.0
508,1,2,1,0.0
509,1,2,1,0.0
510,1,2,2,0.2
511,1,2,1,0.0
512,1,2,1,0.0
513,1,2,1,0.0
514,1,2,1,0.0
515,1,2,1,0.0
516,1,2,1,0.0
517,1,2,1,0.0
518,1,2,1,0.0
519,1,2,1,0.0
520,1,2,1,0.0
521,1,2,1,0.0
522,1,2,1,0.0
523,1,2,5,0.8
524,1,2,1,0.0
525,1,2,1,0.0
526,1,2,1,0.0
527,1,2,1,0.0
528,1,2,1,0.0
529,1,2,1,0.0
530,1,2,1,0.0
531,1,2,1,0.0
532,1,2,1,0.0
533,1,2,1,0.0
534,1,2,1,0.0
535,1,2,1,0.0
536,1,2,4,0.6
537,1,2,1,0.0
538,1,2,5,0.8
539,1,2,1,0.0
540,1,2,1,0.0
541,1,2,3,0.4
542,1,2,1,0.0
543,1,2,2,0.2
544,1,2,1,0.0
545,1,2,1,0.0
546,1,2,1,0.0
547,1,2,1,0.0
548,1,2,1,0.0
549,1,2,1,0.0
550,1,2,1,0.0
551,1,2,1,0.0
552,1,2,1,0.0
553,1,2,1,0.0
554,1,2,1,0.0
555,1,2,1,0.0
556,1,2,6,1.0
557,1,2,1,0.0
558,1,2,1,0.0
559,1,2,1,0.0
560,1,2,1,0.0
561,1,2,5,0.8
562,1,2,5,0.8
563,1,2,1,0.0
564,1,2,1,0.0
565,1,2,1,0.0
566,1,2,1,0.0
567,1,2,1,0.0
568,1,2,1,0.0
569,1,2,1,0.0
570,1,2,1,0.0
571,1,2,1,0.0
572,1,2,1,0.0
573,1,2,1,0.0
574,1,2,1,0.0
575,1,2,2,0.2
576,1,2,1,0.0
577,1,2,4,0.6
578,1,2,1,0.0
579,1,2,1,0.0
580,1,2,1,0.0
581,1,2,1,0.0
582,1,2,1,0.0
583,1,2,1,0.0
584,1,2,1,0.0
585,1,2,1,0.0
586,1,2,5,0.8
587,1,2,2,0.2
588,1,2,1,0.0
589,1,2,1,0.0
590,1,2,1,0.0
591,1,2,1,0.0
592,1,2,1,0.0
593,1,2,1,0.0
594,1,2,1,0.0
595,1,2,1,0.0
596,1,2,1,0.0
597,1,2,1,0.0
598,1,2,1,0.0
599,1,2,1,0.0
600,1,2,6,1.0
601,1,2,1,0.0
101,0,3,1,0.0
102,0,3,1,0.0
103,0,3,4,0.6
104,0,3,1,0.0
105,0,3,1,0.0
106,0,3,1,0.0
107,0,3,1,0.0
108,0,3,1,0.0
109,0,3,1,0.0
110,0,3,1,0.0
111,0,3,1,0.0
112,0,3,1,0.0
113,0,3,1,0.0
114,0,3,1,0.0
115,0,3,1,0.0
116,0,3,1,0.0
117,0,3,3,0.4
118,0,3,1,0.0
119,0,3,1,0.0
120,0,3,1,0.0
121,0,3,1,0.0
122,0,3,1,0.0
123,0,3,1,0.0
124,0,3,1,0.0
125,0,3,1,0.0
126,0,3,3,0.4
127,0,3,1,0.0
128,0,3,1,0.0
129,0,3,1,0.0
130,0,3,1,0.0
131,0,3,6,1.0
132,0,3,1,0.0
133,0,3,1,0.0
134,0,3,1,0.0
135,0,3,1,0.0
136,0,3,5,0.8
137,0,3,1,0.0
138,0,3,3,0.4
139,0,3,3,0.4
140,0,3,1,0.0
141,0,3,1,0.0
142,0,3,4,0.6
143,0,3,1,0.0
144,0,3,1,0.0
145,0,3,5,0.8
146,0,3,3,0.4
147,0,3,1,0.0
148,0,3,1,0.0
149,0,3,1,0.0
150,0,3,1,0.0
151,0,3,1,0.0
152,0,3,5,0.8
153,0,3,1,0.0
154,0,3,5,0.8
155,0,3,1,0.0
156,0,3,1,0.0
157,0,3,1,0.0
158,0,3,4,0.6
159,0,3,1,0.0
160,0,3,1,0.0
161,0,3,1,0.0
162,0,3,1,0.0
163,0,3,1,0.0
164,0,3,1,0.0
165,0,3,4,0.6
166,0,3,1,0.0
167,0,3,1,0.0
168,0,3,1,0.0
169,0,3,4,0.6
170,0,3,1,0.0
171,0,3,1,0.0
172,0,3,3,0.4
173,0,3,1,0.0
174,0,3,1,0.0
175,0,3,1,0.0
176,0,3,1,0.0
177,0,3,1,0.0
178,0,3,1,0.0
179,0,3,1,0.0
180,0,3,3,0.4
181,0,3,1,0.0
182,0,3,1,0.0
183,0,3,1,0.0
184,0,3,1,0.0
185,0,3,1,0.0
186,0,3,4,0.6
187,0,3,1,0.0
188,0,3,1,0.0
189,0,3,6,1.0
190,0,3,6,1.0
191,0,3,1,0.0
192,0,3,1,0.0
193,0,3,5,0.8
194,0,3,1,0.0
195,0,3,5,0.8
196,0,3,1,0.0
197,0,3,1,0.0
198,0,3,1,0.0
199,0,3,1,0.0
200,0,3,2,0.2
201,0,3,1,0.0
202,0,3,1,0.0
203,0,3,1,0.0
204,0,3,5,0.8
205,0,3,2,0.2
206,0,3,1,0.0
207,0,3,5,0.8
208,0,3,1,0.0
209,0,3,1,0.0
210,0,3,4,0.6
211,0,3,1,0.0
212,0,3,1,0.0
213,0,3,1,0.0
214,0,3,6,1.0
215,0,3,6,1.0
216,0,3,2,0.2
217,0,3,4,0.6
218,0,3,1,0.0
219,0,3,4,0.6
220,0,3,1,0.0
221,0,3,1,0.0
222,0,3,1,0.0
223,0,3,3,0.4
224,0,3,4,0.6
225,0,3,1,0.0
226,0,3,1,0.0
227,0,3,1,0.0
228,0,3,1,0.0
229,0,3,1,0.0
230,0,3,1,0.0
231,0,3,2,0.2
232,0,3,4,0.6
233,0,3,3,0.4
234,0,3,1,0.0
235,0,3,1,0.0
236,0,3,2,0.2
237,0,3,2,0.2
238,0,3,4,0.6
239,0,3,1,0.0
240,0,3,1,0.0
241,0,3,5,0.8
242,0,3,1,0.0
243,0,3,1,0.0
244,0,3,4,0.6
245,0,3,2,0.2
246,0,3,1,0.0
247,0,3,1,0.0
248,0,3,1,0.0
249,0,3,3,0.4
250,0,3,1,0.0
251,0,3,1,0.0
252,0,3,1,0.0
253,0,3,1,0.0
254,0,3,2,0.2
255,0,3,1,0.0
256,0,3,1,0.0
257,0,3,1,0.0
258,0,3,5,0.8
259,0,3,1,0.0
260,0,3,1,0.0
261,0,3,1,0.0
262,0,3,1,0.0
263,0,3,1,0.0
264,0,3,2,0.2
265,0,3,1,0.0
266,0,3,1,0.0
267,0,3,1,0.0
268,0,3,3,0.4
269,0,3,1,0.0
270,0,3,1,0.0
271,0,3,3,0.4
272,0,3,1,0.0
273,0,3,1,0.0
274,0,3,1,0.0
275,0,3,1,0.0
276,0,3,3,0.4
277,0,3,5,0.8
278,0,3,1,0.0
279,0,3,4,0.6
280,0,3,1,0.0
281,0,3,1,0.0
282,0,3,1,0.0
283,0,3,5,0.8
284,0,3,6,1.0
285,0,3,1,0.0
286,0,3,1,0.0
287,0,3,1,0.0
288,0,3,1,0.0
289,0,3,1,0.0
290,0,3,1,0.0
291,0,3,1,0.0
292,0,3,1,0.0
293,0,3,1,0.0
294,0,3,1,0.0
295,0,3,2,0.2
296,0,3,1,0.0
297,0,3,1,0.0
298,0,3,1,0.0
299,0,3,2,0.2
300,0,3,4,0.6
301,0,3,1,0.0
302,0,3,1,0.0
303,0,3,1,0.0
304,0,3,1,0.0
305,0,3,1,0.0
306,0,3,3,0.4
307,0,3,6,1.0
308,0,3,3,0.4
309,0,3,1,0.0
310,0,3,5,0.8
311,0,3,3,0.4
312,0,3,2,0.2
313,0,3,1,0.0
314,0,3,3,0.4
315,0,3,2,0.2
316,0,3,4,0.6
317,0,3,1,0.0
318,0,3,4,0.6
319,0,3,1,0.0
320,0,3,3,0.4
321,0,3,1,0.0
322,0,3,4,0.6
323,0,3,4,0.6
324,0,3,2,0.2
325,0,3,1,0.0
326,0,3,4,0.6
327,0,3,4,0.6
328,0,3,4,0.6
329,0,3,5,0.8
330,0,3,1,0.0
331,0,3,5,0.8
332,0,3,5,0.8
333,0,3,1,0.0
334,0,3,1,0.0
335,0,3,1,0.0
336,0,3,4,0.6
337,0,3,2,0.2
338,0,3,4,0.6
339,0,3,3,0.4
340,0,3,4,0.6
341,0,3,1,0.0
342,0,3,2,0.2
343,0,3,1,0.0
344,0,3,6,1.0
345,0,3,2,0.2
346,0,3,1,0.0
347,0,3,4,0.6
348,0,3,1,0.0
349,0,3,4,0.6
350,0,3,1,0.0
351,0,3,1,0.0
352,0,3,1,0.0
353,0,3,5,0.8
354,0,3,4,0.6
355,0,3,3,0.4
356,0,3,5,0.8
357,0,3,1,0.0
358,0,3,5,0.8
359,0,3,1,0.0
360,0,3,1,0.0
361,1,3,4,0.6
362,1,3,1,0.0
363,1,3,1,0.0
364,1,3,1,0.0
365,1,3,1,0.0
366,1,3,1,0.0
367,1,3,5,0.8
368,1,3,1,0.0
369,1,3,2,0.2
370,1,3,5,0.8
371,1,3,1,0.0
372,1,3,5,0.8
373,1,3,3,0.4
374,1,3,6,1.0
375,1,3,1,0.0
376,1,3,1,0.0
377,1,3,4,0.6
378,1,3,6,1.0
379,1,3,1,0.0
380,1,3,5,0.8
381,1,3,5,0.8
382,1,3,5,0.8
383,1,3,1,0.0
384,1,3,1,0.0
385,1,3,1,0.0
386,1,3,1,0.0
387,1,3,1,0.0
388,1,3,1,0.0
389,1,3,1,0.0
390,1,3,1,0.0
391,1,3,1,0.0
392,1,3,1,0.0
393,1,3,1,0.0
394,1,3,1,0.0
395,1,3,1,0.0
396,1,3,6,1.0
397,1,3,4,0.6
398,1,3,3,0.4
399,1,3,1,0.0
400,1,3,1,0.0
401,1,3,1,0.0
402,1,3,1,0.0
403,1,3,1,0.0
404,1,3,1,0.0
405,1,3,2,0.2
406,1,3,4,0.6
407,1,3,1,0.0
408,1,3,6,1.0
409,1,3,2,0.2
410,1,3,1,0.0
411,1,3,1,0.0
412,1,3,1,0.0
413,1,3,1,0.0
414,1,3,1,0.0
415,1,3,1,0.0
416,1,3,1,0.0
417,1,3,1,0.0
418,1,3,1,0.0
419,1,3,1,0.0
420,1,3,1,0.0
421,1,3,1,0.0
422,1,3,3,0.4
423,1,3,4,0.6
424,1,3,4,0.6
425,1,3,5,0.8
426,1,3,6,1.0
427,1,3,1,0.0
428,1,3,1,0.0
429,1,3,1,0.0
430,1,3,1,0.0
431,1,3,1,0.0
432,1,3,4,0.6
433,1,3,1,0.0
434,1,3,1,0.0
435,1,3,1,0.0
436,1,3,1,0.0
437,1,3,5,0.8
438,1,3,1,0.0
439,1,3,3,0.4
440,1,3,1,0.0
441,1,3,1,0.0
442,1,3,1,0.0
443,1,3,4,0.6
444,1,3,1,0.0
445,1,3,2,0.2
446,1,3,4,0.6
447,1,3,1,0.0
448,1,3,1,0.0
449,1,3,1,0.0
450,1,3,1,0.0
451,1,3,1,0.0
452,1,3,1,0.0
453,1,3,1,0.0
454,1,3,1,0.0
455,1,3,1,0.0
456,1,3,1,0.0
457,1,3,1,0.0
458,1,3,1,0.0
459,1,3,1,0.0
460,1,3,1,0.0
461,1,3,1,0.0
462,1,3,1,0.0
463,1,3,6,1.0
464,1,3,2,0.2
465,1,3,2,0.2
466,1,3,1,0.0
467,1,3,1,0.0
468,1,3,5,0.8
469,1,3,5,0.8
470,1,3,5,0.8
471,1,3,1,0.0
472,1,3,4,0.6
473,1,3,1,0.0
474,1,3,4,0.6
475,1,3,2,0.2
476,1,3,1,0.0
477,1,3,1,0.0
478,1,3,1,0.0
479,1,3,1,0.0
480,1,3,1,0.0
481,1,3,2,0.2
482,1,3,1,0.0
483,1,3,1,0.0
484,1,3,1,0.0
485,1,3,1,0.0
486,1,3,1,0.0
487,1,3,1,0.0
488,1,3,1,0.0
489,1,3,1,0.0
490,1,3,1,0.0
491,1,3,1,0.0
492,1,3,1,0.0
493,1,3,1,0.0
494,1,3,1,0.0
495,1,3,1,0.0
496,1,3,1,0.0
497,1,3,1,0.0
498,1,3,1,0.0
499,1,3,2,0.2
500,1,3,1,0.0
501,1,3,4,0.6
502,1,3,1,0.0
503,1,3,2,0.2
504,1,3,2,0.2
505,1,3,3,0.4
506,1,3,1,0.0
507,1,3,1,0.0
508,1,3,1,0.0
509,1,3,1,0.0
510,1,3,4,0.6
511,1,3,1,0.0
512,1,3,1,0.0
513,1,3,1,0.0
514,1,3,1,0.0
515,1,3,1,0.0
516,1,3,1,0.0
517,1,3,1,0.0
518,1,3,1,0.0
519,1,3,1,0.0
520,1,3,1,0.0
521,1,3,1,0.0
522,1,3,1,0.0
523,1,3,5,0.8
524,1,3,2,0.2
525,1,3,3,0.4
526,1,3,1,0.0
527,1,3,1,0.0
528,1,3,1,0.0
529,1,3,1,0.0
530,1,3,1,0.0
531,1,3,1,0.0
532,1,3,1,0.0
533,1,3,4,0.6
534,1,3,1,0.0
535,1,3,1,0.0
536,1,3,2,0.2
537,1,3,1,0.0
538,1,3,5,0.8
539,1,3,1,0.0
540,1,3,1,0.0
541,1,3,1,0.0
542,1,3,1,0.0
543,1,3,2,0.2
544,1,3,3,0.4
545,1,3,1,0.0
546,1,3,1,0.0
547,1,3,1,0.0
548,1,3,1,0.0
549,1,3,1,0.0
550,1,3,1,0.0
551,1,3,1,0.0
552,1,3,1,0.0
553,1,3,1,0.0
554,1,3,1,0.0
555,1,3,1,0.0
556,1,3,6,1.0
557,1,3,1,0.0
558,1,3,3,0.4
559,1,3,1,0.0
560,1,3,1,0.0
561,1,3,5,0.8
562,1,3,5,0.8
563,1,3,1,0.0
564,1,3,4,0.6
565,1,3,1,0.0
566,1,3,2,0.2
567,1,3,1,0.0
568,1,3,1,0.0
569,1,3,6,1.0
570,1,3,1,0.0
571,1,3,1,0.0
572,1,3,1,0.0
573,1,3,1,0.0
574,1,3,1,0.0
575,1,3,2,0.2
576,1,3,1,0.0
577,1,3,2,0.2
578,1,3,1,0.0
579,1,3,1,0.0
580,1,3,1,0.0
581,1,3,1,0.0
582,1,3,1,0.0
583,1,3,1,0.0
584,1,3,1,0.0
585,1,3,2,0.2
586,1,3,4,0.6
587,1,3,1,0.0
588,1,3,1,0.0
589,1,3,4,0.6
590,1,3,1,0.0
591,1,3,3,0.4
592,1,3,1,0.0
593,1,3,1,0.0
594,1,3,1,0.0
595,1,3,1,0.0
596,1,3,1,0.0
597,1,3,1,0.0
598,1,3,1,0.0
599,1,3,1,0.0
600,1,3,6,1.0
601,1,3,1,0.0
101,0,4,1,0.0
102,0,4,1,0.0
103,0,4,1,0.0
104,0,4,6,1.0
105,0,4,1,0.0
106,0,4,1,0.0
107,0,4,1,0.0
108,0,4,3,0.4
109,0,4,1,0.0
110,0,4,1,0.0
111,0,4,1,0.0
112,0,4,1,0.0
113,0,4,1,0.0
114,0,4,1,0.0
115,0,4,6,1.0
116,0,4,1,0.0
117,0,4,5,0.8
118,0,4,1,0.0
119,0,4,1,0.0
120,0,4,1,0.0
121,0,4,1,0.0
122,0,4,1,0.0
123,0,4,1,0.0
124,0,4,1,0.0
125,0,4,1,0.0
126,0,4,1,0.0
127,0,4,1,0.0
128,0,4,1,0.0
129,0,4,1,0.0
130,0,4,1,0.0
131,0,4,1,0.0
132,0,4,1,0.0
133,0,4,1,0.0
134,0,4,1,0.0
135,0,4,6,1.0
136,0,4,1,0.0
137,0,4,1,0.0
138,0,4,4,0.6
139,0,4,1,0.0
140,0,4,1,0.0
141,0,4,1,0.0
142,0,4,4,0.6
143,0,4,1,0.0
144,0,4,1,0.0
145,0,4,3,0.4
146,0,4,1,0.0
147,0,4,1,0.0
148,0,4,3,0.4
149,0,4,1,0.0
150,0,4,4,0.6
151,0,4,1,0.0
152,0,4,4,0.6
153,0,4,1,0.0
154,0,4,5,0.8
155,0,4,1,0.0
156,0,4,1,0.0
157,0,4,1,0.0
158,0,4,2,0.2
159,0,4,1,0.0
160,0,4,1,0.0
161,0,4,6,1.0
162,0,4,1,0.0
163,0,4,4,0.6
164,0,4,3,0.4
165,0,4,2,0.2
166,0,4,1,0.0
167,0,4,1,0.0
168,0,4,4,0.6
169,0,4,4,0.6
170,0,4,1,0.0
171,0,4,2,0.2
172,0,4,2,0.2
173,0,4,1,0.0
174,0,4,1,0.0
175,0,4,4,0.6
176,0,4,1,0.0
177,0,4,1,0.0
178,0,4,1,0.0
179,0,4,1,0.0
180,0,4,2,0.2
181,0,4,1,0.0
182,0,4,2,0.2
183,0,4,1,0.0
184,0,4,4,0.6
185,0,4,1,0.0
186,0,4,3,0.4
187,0,4,2,0.2
188,0,4,1,0.0
189,0,4,1,0.0
190,0,4,1,0.0
191,0,4,1,0.0
192,0,4,1,0.0
193,0,4,6,1.0
194,0,4,1,0.0
195,0,4,4,0.6
196,0,4,1,0.0
197,0,4,1,0.0
198,0,4,4,0.6
199,0,4,1,0.0
200,0,4,1,0.0
201,0,4,1,0.0
202,0,4,1,0.0
203,0,4,1,0.0
204,0,4,5,0.8
205,0,4,1,0.0
206,0,4,1,0.0
207,0,4,6,1.0
208,0,4,1,0.0
209,0,4,1,0.0
210,0,4,4,0.6
211,0,4,1,0.0
212,0,4,1,0.0
213,0,4,1,0.0
214,0,4,1,0.0
215,0,4,5,0.8
216,0,4,3,0.4
217,0,4,4,0.6
218,0,4,1,0.0
219,0,4,6,1.0
220,0,4,1,0.0
221,0,4,3,0.4
222,0,4,1,0.0
223,0,4,3,0.4
224,0,4,4,0.6
225,0,4,1,0.0
226,0,4,1,0.0
227,0,4,1,0.0
228,0,4,1,0.0
229,0,4,5,0.8
230,0,4,1,0.0
231,0,4,3,0.4
232,0,4,2,0.2
233,0,4,3,0.4
234,0,4,1,0.0
235,0,4,1,0.0
236,0,4,1,0.0
237,0,4,1,0.0
238,0,4,4,0.6
239,0,4,1,0.0
240,0,4,1,0.0
241,0,4,1,0.0
242,0,4,1,0.0
243,0,4,1,0.0
244,0,4,3,0.4
245,0,4,1,0.0
246,0,4,2,0.2
247,0,4,1,0.0
248,0,4,1,0.0
249,0,4,1,0.0
250,0,4,1,0.0
251,0,4,1,0.0
252,0,4,1,0.0
253,0,4,1,0.0
254,0,4,1,0.0
255,0,4,1,0.0
256,0,4,1,0.0
257,0,4,1,0.0
258,0,4,3,0.4
259,0,4,1,0.0
260,0,4,3,0.4
261,0,4,1,0.0
262,0,4,1,0.0
263,0,4,1,0.0
264,0,4,4,0.6
265,0,4,1,0.0
266,0,4,2,0.2
267,0,4,1,0.0
268,0,4,1,0.0
269,0,4,1,0.0
270,0,4,1,0.0
271,0,4,2,0.2
272,0,4,1,0.0
273,0,4,1,0.0
274,0,4,1,0.0
275,0,4,1,0.0
276,0,4,3,0.4
277,0,4,5,0.8
278,0,4,1,0.0
279,0,4,4,0.6
280,0,4,1,0.0
281,0,4,1,0.0
282,0,4,1,0.0
283,0,4,6,1.0
284,0,4,5,0.8
285,0,4,1,0.0
286,0,4,1,0.0
287,0,4,1,0.0
288,0,4,1,0.0
289,0,4,2,0.2
290,0,4,1,0.0
291,0,4,2,0.2
292,0,4,1,0.0
293,0,4,1,0.0
294,0,4,1,0.0
295,0,4,3,0.4
296,0,4,1,0.0
297,0,4,1,0.0
298,0,4,1,0.0
299,0,4,1,0.0
300,0,4,1,0.0
301,0,4,1,0.0
302,0,4,1,0.0
303,0,4,3,0.4
304,0,4,1,0.0
305,0,4,1,0.0
306,0,4,1,0.0
307,0,4,5,0.8
308,0,4,1,0.0
309,0,4,1,0.0
310,0,4,1,0.0
311,0,4,2,0.2
312,0,4,1,0.0
313,0,4,1,0.0
314,0,4,3,0.4
315,0,4,4,0.6
316,0,4,1,0.0
317,0,4,1,0.0
318,0,4,1,0.0
319,0,4,1,0.0
320,0,4,3,0.4
321,0,4,1,0.0
322,0,4,3,0.4
323,0,4,4,0.6
324,0,4,1,0.0
325,0,4,1,0.0
326,0,4,6,1.0
327,0,4,2,0.2
328,0,4,3,0.4
329,0,4,1,0.0
330,0,4,1,0.0
331,0,4,5,0.8
332,0,4,4,0.6
333,0,4,1,0.0
334,0,4,6,1.0
335,0,4,1,0.0
336,0,4,1,0.0
337,0,4,6,1.0
338,0,4,1,0.0
339,0,4,2,0.2
340,0,4,1,0.0
341,0,4,1,0.0
342,0,4,3,0.4
343,0,4,1,0.0
344,0,4,4,0.6
345,0,4,2,0.2
346,0,4,1,0.0
347,0,4,6,1.0
348,0,4,1,0.0
349,0,4,4,0.6
350,0,4,1,0.0
351,0,4,1,0.0
352,0,4,1,0.0
353,0,4,4,0.6
354,0,4,4,0.6
355,0,4,3,0.4
356,0,4,1,0.0
357,0,4,1,0.0
358,0,4,1,0.0
359,0,4,1,0.0
360,0,4,1,0.0
361,1,4,1,0.0
362,1,4,1,0.0
363,1,4,1,0.0
364,1,4,1,0.0
365,1,4,1,0.0
366,1,4,1,0.0
367,1,4,1,0.0
368,1,4,1,0.0
369,1,4,2,0.2
370,1,4,4,0.6
371,1,4,1,0.0
372,1,4,5,0.8
373,1,4,1,0.0
374,1,4,6,1.0
375,1,4,4,0.6
376,1,4,1,0.0
377,1,4,4,0.6
378,1,4,5,0.8
379,1,4,1,0.0
380,1,4,2,0.2
381,1,4,1,0.0
382,1,4,3,0.4
383,1,4,1,0.0
384,1,4,1,0.0
385,1,4,1,0.0
386,1,4,1,0.0
387,1,4,4,0.6
388,1,4,1,0.0
389,1,4,1,0.0
390,1,4,1,0.0
391,1,4,1,0.0
392,1,4,1,0.0
393,1,4,1,0.0
394,1,4,1,0.0
395,1,4,1,0.0
396,1,4,2,0.2
397,1,4,1,0.0
398,1,4,2,0.2
399,1,4,1,0.0
400,1,4,1,0.0
401,1,4,1,0.0
402,1,4,1,0.0
403,1,4,1,0.0
404,1,4,1,0.0
405,1,4,2,0.2
406,1,4,1,0.0
407,1,4,1,0.0
408,1,4,5,0.8
409,1,4,3,0.4
410,1,4,1,0.0
411,1,4,1,0.0
412,1,4,1,0.0
413,1,4,1,0.0
414,1,4,1,0.0
415,1,4,1,0.0
416,1,4,1,0.0
417,1,4,1,0.0
418,1,4,1,0.0
419,1,4,1,0.0
420,1,4,1,0.0
421,1,4,1,0.0
422,1,4,4,0.6
423,1,4,4,0.6
424,1,4,1,0.0
425,1,4,5,0.8
426,1,4,6,1.0
427,1,4,1,0.0
428,1,4,1,0.0
429,1,4,1,0.0
430,1,4,1,0.0
431,1,4,1,0.0
432,1,4,2,0.2
433,1,4,1,0.0
434,1,4,1,0.0
435,1,4,1,0.0
436,1,4,1,0.0
437,1,4,5,0.8
438,1,4,1,0.0
439,1,4,2,0.2
440,1,4,1,0.0
441,1,4,1,0.0
442,1,4,1,0.0
443,1,4,1,0.0
444,1,4,1,0.0
445,1,4,1,0.0
446,1,4,1,0.0
447,1,4,1,0.0
448,1,4,1,0.0
449,1,4,1,0.0
450,1,4,1,0.0
451,1,4,1,0.0
452,1,4,1,0.0
453,1,4,1,0.0
454,1,4,1,0.0
455,1,4,1,0.0
456,1,4,1,0.0
457,1,4,1,0.0
458,1,4,1,0.0
459,1,4,1,0.0
460,1,4,1,0.0
461,1,4,1,0.0
462,1,4,1,0.0
463,1,4,5,0.8
464,1,4,1,0.0
465,1,4,1,0.0
466,1,4,1,0.0
467,1,4,1,0.0
468,1,4,5,0.8
469,1,4,4,0.6
470,1,4,4,0.6
471,1,4,1,0.0
472,1,4,3,0.4
473,1,4,1,0.0
474,1,4,6,1.0
475,1,4,2,0.2
476,1,4,1,0.0
477,1,4,1,0.0
478,1,4,1,0.0
479,1,4,1,0.0
480,1,4,2,0.2
481,1,4,1,0.0
482,1,4,1,0.0
483,1,4,1,0.0
484,1,4,1,0.0
485,1,4,1,0.0
486,1,4,1,0.0
487,1,4,1,0.0
488,1,4,1,0.0
489,1,4,1,0.0
490,1,4,1,0.0
491,1,4,1,0.0
492,1,4,1,0.0
493,1,4,1,0.0
494,1,4,1,0.0
495,1,4,1,0.0
496,1,4,1,0.0
497,1,4,1,0.0
498,1,4,1,0.0
499,1,4,2,0.2
500,1,4,1,0.0
501,1,4,6,1.0
502,1,4,1,0.0
503,1,4,1,0.0
504,1,4,1,0.0
505,1,4,4,0.6
506,1,4,1,0.0
507,1,4,1,0.0
508,1,4,1,0.0
509,1,4,1,0.0
510,1,4,1,0.0
511,1,4,2,0.2
512,1,4,1,0.0
513,1,4,1,0.0
514,1,4,1,0.0
515,1,4,1,0.0
516,1,4,1,0.0
517,1,4,1,0.0
518,1,4,1,0.0
519,1,4,1,0.0
520,1,4,6,1.0
521,1,4,1,0.0
522,1,4,1,0.0
523,1,4,5,0.8
524,1,4,1,0.0
525,1,4,1,0.0
526,1,4,1,0.0
527,1,4,1,0.0
528,1,4,1,0.0
529,1,4,1,0.0
530,1,4,1,0.0
531,1,4,1,0.0
532,1,4,1,0.0
533,1,4,1,0.0
534,1,4,1,0.0
535,1,4,1,0.0
536,1,4,4,0.6
537,1,4,1,0.0
538,1,4,5,0.8
539,1,4,1,0.0
540,1,4,1,0.0
541,1,4,1,0.0
542,1,4,1,0.0
543,1,4,2,0.2
544,1,4,1,0.0
545,1,4,1,0.0
546,1,4,1,0.0
547,1,4,1,0.0
548,1,4,1,0.0
549,1,4,1,0.0
550,1,4,1,0.0
551,1,4,1,0.0
552,1,4,1,0.0
553,1,4,1,0.0
554,1,4,4,0.6
555,1,4,1,0.0
556,1,4,6,1.0
557,1,4,1,0.0
558,1,4,1,0.0
559,1,4,1,0.0
560,1,4,1,0.0
561,1,4,5,0.8
562,1,4,5,0.8
563,1,4,1,0.0
564,1,4,1,0.0
565,1,4,1,0.0
566,1,4,1,0.0
567,1,4,1,0.0
568,1,4,2,0.2
569,1,4,1,0.0
570,1,4,1,0.0
571,1,4,1,0.0
572,1,4,1,0.0
573,1,4,1,0.0
574,1,4,1,0.0
575,1,4,2,0.2
576,1,4,1,0.0
577,1,4,4,0.6
578,1,4,1,0.0
579,1,4,6,1.0
580,1,4,1,0.0
581,1,4,5,0.8
582,1,4,1,0.0
583,1,4,1,0.0
584,1,4,1,0.0
585,1,4,1,0.0
586,1,4,1,0.0
587,1,4,1,0.0
588,1,4,1,0.0
589,1,4,1,0.0
590,1,4,1,0.0
591,1,4,4,0.6
592,1,4,1,0.0
593,1,4,1,0.0
594,1,4,1,0.0
595,1,4,1,0.0
596,1,4,2,0.2
597,1,4,1,0.0
598,1,4,2,0.2
599,1,4,1,0.0
600,1,4,5,0.8
601,1,4,1,0.0
101,0,5,1,0.0
102,0,5,1,0.0
103,0,5,1,0.0
104,0,5,6,1.0
105,0,5,1,0.0
106,0,5,1,0.0
107,0,5,2,0.2
108,0,5,1,0.0
109,0,5,2,0.2
110,0,5,1,0.0
111,0,5,1,0.0
112,0,5,1,0.0
113,0,5,1,0.0
114,0,5,1,0.0
115,0,5,1,0.0
116,0,5,1,0.0
117,0,5,6,1.0
118,0,5,1,0.0
119,0,5,1,0.0
120,0,5,1,0.0
121,0,5,1,0.0
122,0,5,2,0.2
123,0,5,1,0.0
124,0,5,1,0.0
125,0,5,1,0.0
126,0,5,1,0.0
127,0,5,2,0.2
128,0,5,1,0.0
129,0,5,1,0.0
130,0,5,2,0.2
131,0,5,1,0.0
132,0,5,1,0.0
133,0,5,1,0.0
134,0,5,1,0.0
135,0,5,2,0.2
136,0,5,1,0.0
137,0,5,1,0.0
138,0,5,6,1.0
139,0,5,1,0.0
140,0,5,1,0.0
141,0,5,1,0.0
142,0,5,2,0.2
143,0,5,1,0.0
144,0,5,1,0.0
145,0,5,1,0.0
146,0,5,1,0.0
147,0,5,2,0.2
148,0,5,2,0.2
149,0,5,1,0.0
150,0,5,1,0.0
151,0,5,1,0.0
152,0,5,4,0.6
153,0,5,1,0.0
154,0,5,4,0.6
155,0,5,1,0.0
156,0,5,1,0.0
157,0,5,1,0.0
158,0,5,1,0.0
159,0,5,1,0.0
160,0,5,1,0.0
161,0,5,1,0.0
162,0,5,1,0.0
163,0,5,2,0.2
164,0,5,2,0.2
165,0,5,1,0.0
166,0,5,1,0.0
167,0,5,1,0.0
168,0,5,1,0.0
169,0,5,1,0.0
170,0,5,1,0.0
171,0,5,2,0.2
172,0,5,4,0.6
173,0,5,1,0.0
174,0,5,1,0.0
175,0,5,2,0.2
176,0,5,1,0.0
177,0,5,1,0.0
178,0,5,1,0.0
179,0,5,1,0.0
180,0,5,1,0.0
181,0,5,1,0.0
182,0,5,5,0.8
183,0,5,1,0.0
184,0,5,1,0.0
185,0,5,1,0.0
186,0,5,2,0.2
187,0,5,1,0.0
188,0,5,1,0.0
189,0,5,1,0.0
190,0,5,5,0.8
191,0,5,1,0.0
192,0,5,1,0.0
193,0,5,6,1.0
194,0,5,1,0.0
195,0,5,4,0.6
196,0,5,1,0.0
197,0,5,4,0.6
198,0,5,1,0.0
199,0,5,1,0.0
200,0,5,3,0.4
201,0,5,1,0.0
202,0,5,1,0.0
203,0,5,1,0.0
204,0,5,5,0.8
205,0,5,1,0.0
206,0,5,1,0.0
207,0,5,3,0.4
208,0,5,1,0.0
209,0,5,1,0.0
210,0,5,5,0.8
211,0,5,1,0.0
212,0,5,1,0.0
213,0,5,1,0.0
214,0,5,5,0.8
215,0,5,5,0.8
216,0,5,3,0.4
217,0,5,4,0.6
218,0,5,1,0.0
219,0,5,5,0.8
220,0,5,1,0.0
221,0,5,1,0.0
222,0,5,1,0.0
223,0,5,5,0.8
224,0,5,4,0.6
225,0,5,1,0.0
226,0,5,1,0.0
227,0,5,1,0.0
228,0,5,1,0.0
229,0,5,1,0.0
230,0,5,1,0.0
231,0,5,2,0.2
232,0,5,1,0.0
233,0,5,3,0.4
234,0,5,1,0.0
235,0,5,1,0.0
236,0,5,1,0.0
237,0,5,1,0.0
238,0,5,1,0.0
239,0,5,1,0.0
240,0,5,1,0.0
241,0,5,1,0.0
242,0,5,1,0.0
243,0,5,1,0.0
244,0,5,1,0.0
245,0,5,3,0.4
246,0,5,1,0.0
247,0,5,1,0.0
248,0,5,1,0.0
249,0,5,2,0.2
250,0,5,6,1.0
251,0,5,1,0.0
252,0,5,1,0.0
253,0,5,1,0.0
254,0,5,1,0.0
255,0,5,4,0.6
256,0,5,1,0.0
257,0,5,1,0.0
258,0,5,1,0.0
259,0,5,1,0.0
260,0,5,2,0.2
261,0,5,1,0.0
262,0,5,2,0.2
263,0,5,1,0.0
264,0,5,2,0.2
265,0,5,1,0.0
266,0,5,1,0.0
267,0,5,1,0.0
268,0,5,1,0.0
269,0,5,1,0.0
270,0,5,1,0.0
271,0,5,3,0.4
272,0,5,1,0.0
273,0,5,1,0.0
274,0,5,1,0.0
275,0,5,1,0.0
276,0,5,1,0.0
277,0,5,5,0.8
278,0,5,1,0.0
279,0,5,3,0.4
280,0,5,1,0.0
281,0,5,2,0.2
282,0,5,1,0.0
283,0,5,6,1.0
284,0,5,6,1.0
285,0,5,1,0.0
286,0,5,1,0.0
287,0,5,1,0.0
288,0,5,1,0.0
289,0,5,3,0.4
290,0,5,1,0.0
291,0,5,1,0.0
292,0,5,1,0.0
293,0,5,1,0.0
294,0,5,1,0.0
295,0,5,3,0.4
296,0,5,1,0.0
297,0,5,1,0.0
298,0,5,1,0.0
299,0,5,1,0.0
300,0,5,4,0.6
301,0,5,1,0.0
302,0,5,1,0.0
303,0,5,2,0.2
304,0,5,1,0.0
305,0,5,1,0.0
306,0,5,2,0.2
307,0,5,5,0.8
308,0,5,1,0.0
309,0,5,2,0.2
310,0,5,1,0.0
311,0,5,3,0.4
312,0,5,3,0.4
313,0,5,1,0.0
314,0,5,4,0.6
315,0,5,5,0.8
316,0,5,1,0.0
317,0,5,2,0.2
318,0,5,1,0.0
319,0,5,2,0.2
320,0,5,4,0.6
321,0,5,1,0.0
322,0,5,4,0.6
323,0,5,4,0.6
324,0,5,1,0.0
325,0,5,1,0.0
326,0,5,1,0.0
327,0,5,2,0.2
328,0,5,4,0.6
329,0,5,5,0.8
330,0,5,1,0.0
331,0,5,5,0.8
332,0,5,6,1.0
333,0,5,1,0.0
334,0,5,1,0.0
335,0,5,1,0.0
336,0,5,4,0.6
337,0,5,1,0.0
338,0,5,1,0.0
339,0,5,1,0.0
340,0,5,2,0.2
341,0,5,1,0.0
342,0,5,4,0.6
343,0,5,1,0.0
344,0,5,4,0.6
345,0,5,2,0.2
346,0,5,1,0.0
347,0,5,1,0.0
348,0,5,1,0.0
349,0,5,4,0.6
350,0,5,1,0.0
351,0,5,1,0.0
352,0,5,2,0.2
353,0,5,6,1.0
354,0,5,4,0.6
355,0,5,3,0.4
356,0,5,5,0.8
357,0,5,1,0.0
358,0,5,2,0.2
359,0,5,5,0.8
360,0,5,1,0.0
361,1,5,2,0.2
362,1,5,1,0.0
363,1,5,1,0.0
364,1,5,1,0.0
365,1,5,1,0.0
366,1,5,1,0.0
367,1,5,3,0.4
368,1,5,1,0.0
369,1,5,2,0.2
370,1,5,4,0.6
371,1,5,1,0.0
372,1,5,6,1.0
373,1,5,1,0.0
374,1,5,5,0.8
375,1,5,2,0.2
376,1,5,1,0.0
377,1,5,4,0.6
378,1,5,4,0.6
379,1,5,1,0.0
380,1,5,1,0.0
381,1,5,1,0.0
382,1,5,1,0.0
383,1,5,1,0.0
384,1,5,1,0.0
385,1,5,1,0.0
386,1,5,1,0.0
387,1,5,1,0.0
388,1,5,1,0.0
389,1,5,1,0.0
390,1,5,1,0.0
391,1,5,1,0.0
392,1,5,1,0.0
393,1,5,1,0.0
394,1,5,1,0.0
395,1,5,2,0.2
396,1,5,3,0.4
397,1,5,1,0.0
398,1,5,1,0.0
399,1,5,1,0.0
400,1,5,1,0.0
401,1,5,1,0.0
402,1,5,1,0.0
403,1,5,1,0.0
404,1,5,1,0.0
405,1,5,1,0.0
406,1,5,1,0.0
407,1,5,1,0.0
408,1,5,6,1.0
409,1,5,3,0.4
410,1,5,1,0.0
411,1,5,1,0.0
412,1,5,1,0.0
413,1,5,1,0.0
414,1,5,1,0.0
415,1,5,1,0.0
416,1,5,1,0.0
417,1,5,1,0.0
418,1,5,1,0.0
419,1,5,1,0.0
420,1,5,2,0.2
421,1,5,1,0.0
422,1,5,2,0.2
423,1,5,5,0.8
424,1,5,1,0.0
425,1,5,5,0.8
426,1,5,5,0.8
427,1,5,1,0.0
428,1,5,1,0.0
429,1,5,1,0.0
430,1,5,1,0.0
431,1,5,1,0.0
432,1,5,3,0.4
433,1,5,1,0.0
434,1,5,1,0.0
435,1,5,1,0.0
436,1,5,1,0.0
437,1,5,5,0.8
438,1,5,1,0.0
439,1,5,1,0.0
440,1,5,1,0.0
441,1,5,1,0.0
442,1,5,1,0.0
443,1,5,1,0.0
444,1,5,1,0.0
445,1,5,4,0.6
446,1,5,3,0.4
447,1,5,1,0.0
448,1,5,1,0.0
449,1,5,1,0.0
450,1,5,1,0.0
451,1,5,1,0.0
452,1,5,1,0.0
453,1,5,1,0.0
454,1,5,1,0.0
455,1,5,1,0.0
456,1,5,1,0.0
457,1,5,1,0.0
458,1,5,1,0.0
459,1,5,1,0.0
460,1,5,1,0.0
461,1,5,1,0.0
462,1,5,1,0.0
463,1,5,6,1.0
464,1,5,2,0.2
465,1,5,1,0.0
466,1,5,1,0.0
467,1,5,1,0.0
468,1,5,5,0.8
469,1,5,5,0.8
470,1,5,5,0.8
471,1,5,1,0.0
472,1,5,5,0.8
473,1,5,1,0.0
474,1,5,4,0.6
475,1,5,2,0.2
476,1,5,1,0.0
477,1,5,3,0.4
478,1,5,1,0.0
479,1,5,1,0.0
480,1,5,2,0.2
481,1,5,1,0.0
482,1,5,1,0.0
483,1,5,1,0.0
484,1,5,1,0.0
485,1,5,1,0.0
486,1,5,1,0.0
487,1,5,1,0.0
488,1,5,1,0.0
489,1,5,1,0.0
490,1,5,1,0.0
491,1,5,1,0.0
492,1,5,1,0.0
493,1,5,1,0.0
494,1,5,2,0.2
495,1,5,1,0.0
496,1,5,1,0.0
497,1,5,1,0.0
498,1,5,1,0.0
499,1,5,4,0.6
500,1,5,1,0.0
501,1,5,4,0.6
502,1,5,1,0.0
503,1,5,3,0.4
504,1,5,1,0.0
505,1,5,4,0.6
506,1,5,1,0.0
507,1,5,1,0.0
508,1,5,1,0.0
509,1,5,1,0.0
510,1,5,4,0.6
511,1,5,2,0.2
512,1,5,1,0.0
513,1,5,1,0.0
514,1,5,2,0.2
515,1,5,1,0.0
516,1,5,1,0.0
517,1,5,1,0.0
518,1,5,3,0.4
519,1,5,1,0.0
520,1,5,1,0.0
521,1,5,1,0.0
522,1,5,1,0.0
523,1,5,5,0.8
524,1,5,2,0.2
525,1,5,1,0.0
526,1,5,2,0.2
527,1,5,1,0.0
528,1,5,1,0.0
529,1,5,1,0.0
530,1,5,1,0.0
531,1,5,1,0.0
532,1,5,1,0.0
533,1,5,4,0.6
534,1,5,1,0.0
535,1,5,1,0.0
536,1,5,3,0.4
537,1,5,1,0.0
538,1,5,5,0.8
539,1,5,1,0.0
540,1,5,1,0.0
541,1,5,1,0.0
542,1,5,1,0.0
543,1,5,1,0.0
544,1,5,1,0.0
545,1,5,1,0.0
546,1,5,1,0.0
547,1,5,1,0.0
548,1,5,1,0.0
549,1,5,1,0.0
550,1,5,1,0.0
551,1,5,1,0.0
552,1,5,1,0.0
553,1,5,1,0.0
554,1,5,3,0.4
555,1,5,1,0.0
556,1,5,6,1.0
557,1,5,1,0.0
558,1,5,1,0.0
559,1,5,1,0.0
560,1,5,1,0.0
561,1,5,4,0.6
562,1,5,5,0.8
563,1,5,1,0.0
564,1,5,1,0.0
565,1,5,1,0.0
566,1,5,1,0.0
567,1,5,1,0.0
568,1,5,1,0.0
569,1,5,1,0.0
570,1,5,1,0.0
571,1,5,1,0.0
572,1,5,1,0.0
573,1,5,1,0.0
574,1,5,1,0.0
575,1,5,2,0.2
576,1,5,1,0.0
577,1,5,1,0.0
578,1,5,1,0.0
579,1,5,1,0.0
580,1,5,1,0.0
581,1,5,1,0.0
582,1,5,1,0.0
583,1,5,1,0.0
584,1,5,1,0.0
585,1,5,1,0.0
586,1,5,2,0.2
587,1,5,1,0.0
588,1,5,1,0.0
589,1,5,1,0.0
590,1,5,6,1.0
591,1,5,1,0.0
592,1,5,1,0.0
593,1,5,1,0.0
594,1,5,1,0.0
595,1,5,1,0.0
596,1,5,1,0.0
597,1,5,2,0.2
598,1,5,1,0.0
599,1,5,1,0.0
600,1,5,6,1.0
601,1,5,1,0.0
101,0,6,1,0.0
102,0,6,1,0.0
103,0,6,3,0.4
104,0,6,1,0.0
105,0,6,1,0.0
106,0,6,1,0.0
107,0,6,1,0.0
108,0,6,3,0.4
109,0,6,2,0.2
110,0,6,1,0.0
111,0,6,1,0.0
112,0,6,1,0.0
113,0,6,1,0.0
114,0,6,1,0.0
115,0,6,6,1.0
116,0,6,1,0.0
117,0,6,3,0.4
118,0,6,1,0.0
119,0,6,2,0.2
120,0,6,1,0.0
121,0,6,1,0.0
122,0,6,5,0.8
123,0,6,6,1.0
124,0,6,1,0.0
125,0,6,1,0.0
126,0,6,1,0.0
127,0,6,1,0.0
128,0,6,1,0.0
129,0,6,1,0.0
130,0,6,2,0.2
131,0,6,4,0.6
132,0,6,1,0.0
133,0,6,2,0.2
134,0,6,1,0.0
135,0,6,1,0.0
136,0,6,1,0.0
137,0,6,1,0.0
138,0,6,4,0.6
139,0,6,1,0.0
140,0,6,4,0.6
141,0,6,1,0.0
142,0,6,4,0.6
143,0,6,4,0.6
144,0,6,1,0.0
145,0,6,4,0.6
146,0,6,2,0.2
147,0,6,2,0.2
148,0,6,1,0.0
149,0,6,1,0.0
150,0,6,1,0.0
151,0,6,1,0.0
152,0,6,5,0.8
153,0,6,3,0.4
154,0,6,5,0.8
155,0,6,1,0.0
156,0,6,1,0.0
157,0,6,1,0.0
158,0,6,2,0.2
159,0,6,3,0.4
160,0,6,1,0.0
161,0,6,3,0.4
162,0,6,1,0.0
163,0,6,5,0.8
164,0,6,3,0.4
165,0,6,2,0.2
166,0,6,2,0.2
167,0,6,1,0.0
168,0,6,1,0.0
169,0,6,3,0.4
170,0,6,1,0.0
171,0,6,2,0.2
172,0,6,1,0.0
173,0,6,1,0.0
174,0,6,1,0.0
175,0,6,5,0.8
176,0,6,1,0.0
177,0,6,4,0.6
178,0,6,2,0.2
179,0,6,1,0.0
180,0,6,1,0.0
181,0,6,2,0.2
182,0,6,1,0.0
183,0,6,1,0.0
184,0,6,5,0.8
185,0,6,1,0.0
186,0,6,2,0.2
187,0,6,2,0.2
188,0,6,1,0.0
189,0,6,1,0.0
190,0,6,3,0.4
191,0,6,4,0.6
192,0,6,1,0.0
193,0,6,5,0.8
194,0,6,1,0.0
195,0,6,5,0.8
196,0,6,1,0.0
197,0,6,4,0.6
198,0,6,4,0.6
199,0,6,1,0.0
200,0,6,2,0.2
201,0,6,5,0.8
202,0,6,5,0.8
203,0,6,1,0.0
204,0,6,5,0.8
205,0,6,1,0.0
206,0,6,4,0.6
207,0,6,5,0.8
208,0,6,1,0.0
209,0,6,1,0.0
210,0,6,5,0.8
211,0,6,1,0.0
212,0,6,1,0.0
213,0,6,1,0.0
214,0,6,1,0.0
215,0,6,4,0.6
216,0,6,4,0.6
217,0,6,4,0.6
218,0,6,1,0.0
219,0,6,5,0.8
220,0,6,1,0.0
221,0,6,5,0.8
222,0,6,1,0.0
223,0,6,5,0.8
224,0,6,6,1.0
225,0,6,4,0.6
226,0,6,1,0.0
227,0,6,1,0.0
228,0,6,1,0.0
229,0,6,1,0.0
230,0,6,1,0.0
231,0,6,3,0.4
232,0,6,1,0.0
233,0,6,3,0.4
234,0,6,1,0.0
235,0,6,1,0.0
236,0,6,4,0.6
237,0,6,6,1.0
238,0,6,3,0.4
239,0,6,1,0.0
240,0,6,1,0.0
241,0,6,1,0.0
242,0,6,5,0.8
243,0,6,1,0.0
244,0,6,1,0.0
245,0,6,1,0.0
246,0,6,3,0.4
247,0,6,4,0.6
248,0,6,1,0.0
249,0,6,1,0.0
250,0,6,2,0.2
251,0,6,1,0.0
252,0,6,1,0.0
253,0,6,1,0.0
254,0,6,2,0.2
255,0,6,5,0.8
256,0,6,3,0.4
257,0,6,1,0.0
258,0,6,4,0.6
259,0,6,4,0.6
260,0,6,4,0.6
261,0,6,1,0.0
262,0,6,2,0.2
263,0,6,2,0.2
264,0,6,2,0.2
265,0,6,1,0.0
266,0,6,1,0.0
267,0,6,1,0.0
268,0,6,3,0.4
269,0,6,6,1.0
270,0,6,1,0.0
271,0,6,5,0.8
272,0,6,1,0.0
273,0,6,1,0.0
274,0,6,1,0.0
275,0,6,2,0.2
276,0,6,3,0.4
277,0,6,1,0.0
278,0,6,5,0.8
279,0,6,4,0.6
280,0,6,6,1.0
281,0,6,5,0.8
282,0,6,4,0.6
283,0,6,5,0.8
284,0,6,6,1.0
285,0,6,1,0.0
286,0,6,1,0.0
287,0,6,1,0.0
288,0,6,1,0.0
289,0,6,3,0.4
290,0,6,1,0.0
291,0,6,5,0.8
292,0,6,1,0.0
293,0,6,1,0.0
294,0,6,1,0.0
295,0,6,4,0.6
296,0,6,6,1.0
297,0,6,3,0.4
298,0,6,1,0.0
299,0,6,1,0.0
300,0,6,5,0.8
301,0,6,4,0.6
302,0,6,1,0.0
303,0,6,2,0.2
304,0,6,1,0.0
305,0,6,1,0.0
306,0,6,5,0.8
307,0,6,5,0.8
308,0,6,4,0.6
309,0,6,2,0.2
310,0,6,2,0.2
311,0,6,3,0.4
312,0,6,3,0.4
313,0,6,2,0.2
314,0,6,3,0.4
315,0,6,2,0.2
316,0,6,5,0.8
317,0,6,4,0.6
318,0,6,5,0.8
319,0,6,2,0.2
320,0,6,5,0.8
321,0,6,1,0.0
322,0,6,4,0.6
323,0,6,5,0.8
324,0,6,2,0.2
325,0,6,1,0.0
326,0,6,4,0.6
327,0,6,2,0.2
328,0,6,5,0.8
329,0,6,5,0.8
330,0,6,1,0.0
331,0,6,5,0.8
332,0,6,6,1.0
333,0,6,1,0.0
334,0,6,2,0.2
335,0,6,2,0.2
336,0,6,5,0.8
337,0,6,3,0.4
338,0,6,5,0.8
339,0,6,4,0.6
340,0,6,1,0.0
341,0,6,1,0.0
342,0,6,3,0.4
343,0,6,1,0.0
344,0,6,2,0.2
345,0,6,1,0.0
346,0,6,2,0.2
347,0,6,5,0.8
348,0,6,2,0.2
349,0,6,4,0.6
350,0,6,1,0.0
351,0,6,2,0.2
352,0,6,2,0.2
353,0,6,5,0.8
354,0,6,6,1.0
355,0,6,3,0.4
356,0,6,3,0.4
357,0,6,1,0.0
358,0,6,5,0.8
359,0,6,1,0.0
360,0,6,1,0.0
361,1,6,1,0.0
362,1,6,1,0.0
363,1,6,1,0.0
364,1,6,1,0.0
365,1,6,1,0.0
366,1,6,1,0.0
367,1,6,1,0.0
368,1,6,1,0.0
369,1,6,4,0.6
370,1,6,5,0.8
371,1,6,1,0.0
372,1,6,5,0.8
373,1,6,1,0.0
374,1,6,6,1.0
375,1,6,3,0.4
376,1,6,1,0.0
377,1,6,3,0.4
378,1,6,5,0.8
379,1,6,4,0.6
380,1,6,4,0.6
381,1,6,1,0.0
382,1,6,5,0.8
383,1,6,1,0.0
384,1,6,1,0.0
385,1,6,1,0.0
386,1,6,1,0.0
387,1,6,5,0.8
388,1,6,1,0.0
389,1,6,1,0.0
390,1,6,1,0.0
391,1,6,1,0.0
392,1,6,1,0.0
393,1,6,3,0.4
394,1,6,1,0.0
395,1,6,1,0.0
396,1,6,1,0.0
397,1,6,2,0.2
398,1,6,2,0.2
399,1,6,5,0.8
400,1,6,1,0.0
401,1,6,1,0.0
402,1,6,1,0.0
403,1,6,1,0.0
404,1,6,1,0.0
405,1,6,4,0.6
406,1,6,1,0.0
407,1,6,1,0.0
408,1,6,1,0.0
409,1,6,4,0.6
410,1,6,1,0.0
411,1,6,1,0.0
412,1,6,1,0.0
413,1,6,1,0.0
414,1,6,1,0.0
415,1,6,1,0.0
416,1,6,1,0.0
417,1,6,1,0.0
418,1,6,1,0.0
419,1,6,1,0.0
420,1,6,2,0.2
421,1,6,1,0.0
422,1,6,2,0.2
423,1,6,4,0.6
424,1,6,1,0.0
425,1,6,5,0.8
426,1,6,5,0.8
427,1,6,1,0.0
428,1,6,1,0.0
429,1,6,1,0.0
430,1,6,1,0.0
431,1,6,1,0.0
432,1,6,4,0.6
433,1,6,1,0.0
434,1,6,1,0.0
435,1,6,1,0.0
436,1,6,1,0.0
437,1,6,4,0.6
438,1,6,1,0.0
439,1,6,3,0.4
440,1,6,1,0.0
441,1,6,1,0.0
442,1,6,1,0.0
443,1,6,1,0.0
444,1,6,1,0.0
445,1,6,4,0.6
446,1,6,4,0.6
447,1,6,1,0.0
448,1,6,1,0.0
449,1,6,1,0.0
450,1,6,1,0.0
451,1,6,2,0.2
452,1,6,1,0.0
453,1,6,1,0.0
454,1,6,1,0.0
455,1,6,1,0.0
456,1,6,1,0.0
457,1,6,1,0.0
458,1,6,1,0.0
459,1,6,2,0.2
460,1,6,1,0.0
461,1,6,2,0.2
462,1,6,1,0.0
463,1,6,5,0.8
464,1,6,3,0.4
465,1,6,1,0.0
466,1,6,1,0.0
467,1,6,1,0.0
468,1,6,6,1.0
469,1,6,4,0.6
470,1,6,6,1.0
471,1,6,6,1.0
472,1,6,5,0.8
473,1,6,1,0.0
474,1,6,6,1.0
475,1,6,2,0.2
476,1,6,1,0.0
477,1,6,3,0.4
478,1,6,1,0.0
479,1,6,1,0.0
480,1,6,1,0.0
481,1,6,1,0.0
482,1,6,1,0.0
483,1,6,1,0.0
484,1,6,1,0.0
485,1,6,1,0.0
486,1,6,1,0.0
487,1,6,1,0.0
488,1,6,1,0.0
489,1,6,1,0.0
490,1,6,1,0.0
491,1,6,1,0.0
492,1,6,1,0.0
493,1,6,1,0.0
494,1,6,2,0.2
495,1,6,1,0.0
496,1,6,1,0.0
497,1,6,3,0.4
498,1,6,1,0.0
499,1,6,6,1.0
500,1,6,6,1.0
501,1,6,5,0.8
502,1,6,1,0.0
503,1,6,2,0.2
504,1,6,1,0.0
505,1,6,4,0.6
506,1,6,1,0.0
507,1,6,1,0.0
508,1,6,1,0.0
509,1,6,1,0.0
510,1,6,5,0.8
511,1,6,1,0.0
512,1,6,1,0.0
513,1,6,1,0.0
514,1,6,3,0.4
515,1,6,2,0.2
516,1,6,1,0.0
517,1,6,1,0.0
518,1,6,2,0.2
519,1,6,1,0.0
520,1,6,1,0.0
521,1,6,1,0.0
522,1,6,1,0.0
523,1,6,5,0.8
524,1,6,2,0.2
525,1,6,1,0.0
526,1,6,1,0.0
527,1,6,6,1.0
528,1,6,1,0.0
529,1,6,1,0.0
530,1,6,3,0.4
531,1,6,1,0.0
532,1,6,1,0.0
533,1,6,6,1.0
534,1,6,1,0.0
535,1,6,1,0.0
536,1,6,4,0.6
537,1,6,1,0.0
538,1,6,5,0.8
539,1,6,1,0.0
540,1,6,1,0.0
541,1,6,1,0.0
542,1,6,3,0.4
543,1,6,1,0.0
544,1,6,1,0.0
545,1,6,1,0.0
546,1,6,3,0.4
547,1,6,1,0.0
548,1,6,1,0.0
549,1,6,1,0.0
550,1,6,1,0.0
551,1,6,1,0.0
552,1,6,1,0.0
553,1,6,1,0.0
554,1,6,1,0.0
555,1,6,1,0.0
556,1,6,6,1.0
557,1,6,1,0.0
558,1,6,5,0.8
559,1,6,1,0.0
560,1,6,1,0.0
561,1,6,4,0.6
562,1,6,5,0.8
563,1,6,1,0.0
564,1,6,6,1.0
565,1,6,1,0.0
566,1,6,6,1.0
567,1,6,1,0.0
568,1,6,1,0.0
569,1,6,3,0.4
570,1,6,1,0.0
571,1,6,1,0.0
572,1,6,1,0.0
573,1,6,1,0.0
574,1,6,1,0.0
575,1,6,2,0.2
576,1,6,1,0.0
577,1,6,5,0.8
578,1,6,1,0.0
579,1,6,1,0.0
580,1,6,1,0.0
581,1,6,3,0.4
582,1,6,1,0.0
583,1,6,1,0.0
584,1,6,1,0.0
585,1,6,1,0.0
586,1,6,3,0.4
587,1,6,2,0.2
588,1,6,1,0.0
589,1,6,3,0.4
590,1,6,6,1.0
591,1,6,2,0.2
592,1,6,1,0.0
593,1,6,1,0.0
594,1,6,1,0.0
595,1,6,1,0.0
596,1,6,2,0.2
597,1,6,1,0.0
598,1,6,1,0.0
599,1,6,1,0.0
600,1,6,6,1.0
601,1,6,1,0.0
101,0,7,1,0.0
102,0,7,1,0.0
103,0,7,5,0.8
104,0,7,6,1.0
105,0,7,1,0.0
106,0,7,1,0.0
107,0,7,1,0.0
108,0,7,1,0.0
109,0,7,3,0.4
110,0,7,1,0.0
111,0,7,1,0.0
112,0,7,1,0.0
113,0,7,1,0.0
114,0,7,1,0.0
115,0,7,1,0.0
116,0,7,1,0.0
117,0,7,3,0.4
118,0,7,1,0.0
119,0,7,1,0.0
120,0,7,1,0.0
121,0,7,1,0.0
122,0,7,1,0.0
123,0,7,4,0.6
124,0,7,1,0.0
125,0,7,1,0.0
126,0,7,2,0.2
127,0,7,2,0.2
128,0,7,1,0.0
129,0,7,1,0.0
130,0,7,1,0.0
131,0,7,6,1.0
132,0,7,1,0.0
133,0,7,4,0.6
134,0,7,1,0.0
135,0,7,1,0.0
136,0,7,1,0.0
137,0,7,1,0.0
138,0,7,6,1.0
139,0,7,3,0.4
140,0,7,1,0.0
141,0,7,1,0.0
142,0,7,2,0.2
143,0,7,1,0.0
144,0,7,1,0.0
145,0,7,1,0.0
146,0,7,1,0.0
147,0,7,1,0.0
148,0,7,1,0.0
149,0,7,1,0.0
150,0,7,1,0.0
151,0,7,1,0.0
152,0,7,1,0.0
153,0,7,1,0.0
154,0,7,4,0.6
155,0,7,1,0.0
156,0,7,1,0.0
157,0,7,1,0.0
158,0,7,4,0.6
159,0,7,1,0.0
160,0,7,1,0.0
161,0,7,6,1.0
162,0,7,1,0.0
163,0,7,1,0.0
164,0,7,5,0.8
165,0,7,6,1.0
166,0,7,1,0.0
167,0,7,1,0.0
168,0,7,3,0.4
169,0,7,1,0.0
170,0,7,1,0.0
171,0,7,1,0.0
172,0,7,1,0.0
173,0,7,1,0.0
174,0,7,1,0.0
175,0,7,5,0.8
176,0,7,1,0.0
177,0,7,1,0.0
178,0,7,2,0.2
179,0,7,1,0.0
180,0,7,1,0.0
181,0,7,1,0.0
182,0,7,2,0.2
183,0,7,1,0.0
184,0,7,2,0.2
185,0,7,1,0.0
186,0,7,4,0.6
187,0,7,4,0.6
188,0,7,1,0.0
189,0,7,1,0.0
190,0,7,1,0.0
191,0,7,1,0.0
192,0,7,1,0.0
193,0,7,6,1.0
194,0,7,1,0.0
195,0,7,3,0.4
196,0,7,1,0.0
197,0,7,1,0.0
198,0,7,1,0.0
199,0,7,1,0.0
200,0,7,1,0.0
201,0,7,4,0.6
202,0,7,1,0.0
203,0,7,1,0.0
204,0,7,5,0.8
205,0,7,1,0.0
206,0,7,6,1.0
207,0,7,4,0.6
208,0,7,1,0.0
209,0,7,1,0.0
210,0,7,5,0.8
211,0,7,1,0.0
212,0,7,1,0.0
213,0,7,1,0.0
214,0,7,6,1.0
215,0,7,4,0.6
216,0,7,4,0.6
217,0,7,3,0.4
218,0,7,1,0.0
219,0,7,4,0.6
220,0,7,2,0.2
221,0,7,1,0.0
222,0,7,1,0.0
223,0,7,3,0.4
224,0,7,5,0.8
225,0,7,3,0.4
226,0,7,1,0.0
227,0,7,1,0.0
228,0,7,1,0.0
229,0,7,1,0.0
230,0,7,1,0.0
231,0,7,1,0.0
232,0,7,2,0.2
233,0,7,3,0.4
234,0,7,1,0.0
235,0,7,1,0.0
236,0,7,1,0.0
237,0,7,1,0.0
238,0,7,1,0.0
239,0,7,1,0.0
240,0,7,1,0.0
241,0,7,1,0.0
242,0,7,1,0.0
243,0,7,1,0.0
244,0,7,3,0.4
245,0,7,1,0.0
246,0,7,4,0.6
247,0,7,1,0.0
248,0,7,1,0.0
249,0,7,1,0.0
250,0,7,1,0.0
251,0,7,1,0.0
252,0,7,1,0.0
253,0,7,1,0.0
254,0,7,1,0.0
255,0,7,4,0.6
256,0,7,1,0.0
257,0,7,1,0.0
258,0,7,5,0.8
259,0,7,1,0.0
260,0,7,1,0.0
261,0,7,1,0.0
262,0,7,1,0.0
263,0,7,1,0.0
264,0,7,1,0.0
265,0,7,5,0.8
266,0,7,1,0.0
267,0,7,1,0.0
268,0,7,1,0.0
269,0,7,1,0.0
270,0,7,4,0.6
271,0,7,2,0.2
272,0,7,1,0.0
273,0,7,1,0.0
274,0,7,1,0.0
275,0,7,4,0.6
276,0,7,3,0.4
277,0,7,3,0.4
278,0,7,6,1.0
279,0,7,5,0.8
280,0,7,1,0.0
281,0,7,1,0.0
282,0,7,1,0.0
283,0,7,5,0.8
284,0,7,6,1.0
285,0,7,1,0.0
286,0,7,1,0.0
287,0,7,1,0.0
288,0,7,1,0.0
289,0,7,2,0.2
290,0,7,4,0.6
291,0,7,1,0.0
292,0,7,1,0.0
293,0,7,1,0.0
294,0,7,1,0.0
295,0,7,4,0.6
296,0,7,1,0.0
297,0,7,1,0.0
298,0,7,1,0.0
299,0,7,1,0.0
300,0,7,5,0.8
301,0,7,3,0.4
302,0,7,1,0.0
303,0,7,1,0.0
304,0,7,1,0.0
305,0,7,1,0.0
306,0,7,4,0.6
307,0,7,3,0.4
308,0,7,1,0.0
309,0,7,1,0.0
310,0,7,6,1.0
311,0,7,1,0.0
312,0,7,1,0.0
313,0,7,1,0.0
314,0,7,3,0.4
315,0,7,1,0.0
316,0,7,3,0.4
317,0,7,1,0.0
318,0,7,2,0.2
319,0,7,3,0.4
320,0,7,6,1.0
321,0,7,1,0.0
322,0,7,4,0.6
323,0,7,4,0.6
324,0,7,1,0.0
325,0,7,1,0.0
326,0,7,6,1.0
327,0,7,2,0.2
328,0,7,4,0.6
329,0,7,1,0.0
330,0,7,1,0.0
331,0,7,2,0.2
332,0,7,5,0.8
333,0,7,1,0.0
334,0,7,4,0.6
335,0,7,1,0.0
336,0,7,3,0.4
337,0,7,6,1.0
338,0,7,2,0.2
339,0,7,4,0.6
340,0,7,5,0.8
341,0,7,1,0.0
342,0,7,5,0.8
343,0,7,1,0.0
344,0,7,1,0.0
345,0,7,1,0.0
346,0,7,1,0.0
347,0,7,5,0.8
348,0,7,2,0.2
349,0,7,4,0.6
350,0,7,1,0.0
351,0,7,4,0.6
352,0,7,1,0.0
353,0,7,4,0.6
354,0,7,3,0.4
355,0,7,3,0.4
356,0,7,1,0.0
357,0,7,1,0.0
358,0,7,4,0.6
359,0,7,1,0.0
360,0,7,1,0.0
361,1,7,2,0.2
362,1,7,1,0.0
363,1,7,1,0.0
364,1,7,1,0.0
365,1,7,1,0.0
366,1,7,1,0.0
367,1,7,1,0.0
368,1,7,1,0.0
369,1,7,2,0.2
370,1,7,2,0.2
371,1,7,1,0.0
372,1,7,6,1.0
373,1,7,1,0.0
374,1,7,6,1.0
375,1,7,6,1.0
376,1,7,1,0.0
377,1,7,5,0.8
378,1,7,6,1.0
379,1,7,1,0.0
380,1,7,3,0.4
381,1,7,4,0.6
382,1,7,1,0.0
383,1,7,1,0.0
384,1,7,1,0.0
385,1,7,1,0.0
386,1,7,1,0.0
387,1,7,1,0.0
388,1,7,1,0.0
389,1,7,5,0.8
390,1,7,1,0.0
391,1,7,1,0.0
392,1,7,1,0.0
393,1,7,2,0.2
394,1,7,1,0.0
395,1,7,1,0.0
396,1,7,1,0.0
397,1,7,1,0.0
398,1,7,2,0.2
399,1,7,1,0.0
400,1,7,1,0.0
401,1,7,2,0.2
402,1,7,1,0.0
403,1,7,1,0.0
404,1,7,1,0.0
405,1,7,1,0.0
406,1,7,1,0.0
407,1,7,1,0.0
408,1,7,3,0.4
409,1,7,3,0.4
410,1,7,1,0.0
411,1,7,1,0.0
412,1,7,1,0.0
413,1,7,1,0.0
414,1,7,1,0.0
415,1,7,1,0.0
416,1,7,1,0.0
417,1,7,2,0.2
418,1,7,1,0.0
419,1,7,1,0.0
420,1,7,1,0.0
421,1,7,1,0.0
422,1,7,3,0.4
423,1,7,5,0.8
424,1,7,4,0.6
425,1,7,5,0.8
426,1,7,5,0.8
427,1,7,3,0.4
428,1,7,1,0.0
429,1,7,1,0.0
430,1,7,1,0.0
431,1,7,1,0.0
432,1,7,4,0.6
433,1,7,1,0.0
434,1,7,6,1.0
435,1,7,1,0.0
436,1,7,1,0.0
437,1,7,4,0.6
438,1,7,1,0.0
439,1,7,1,0.0
440,1,7,1,0.0
441,1,7,1,0.0
442,1,7,1,0.0
443,1,7,1,0.0
444,1,7,1,0.0
445,1,7,4,0.6
446,1,7,1,0.0
447,1,7,1,0.0
448,1,7,1,0.0
449,1,7,1,0.0
450,1,7,1,0.0
451,1,7,1,0.0
452,1,7,1,0.0
453,1,7,1,0.0
454,1,7,1,0.0
455,1,7,1,0.0
456,1,7,1,0.0
457,1,7,1,0.0
458,1,7,5,0.8
459,1,7,1,0.0
460,1,7,1,0.0
461,1,7,1,0.0
462,1,7,1,0.0
463,1,7,6,1.0
464,1,7,2,0.2
465,1,7,1,0.0
466,1,7,1,0.0
467,1,7,1,0.0
468,1,7,5,0.8
469,1,7,6,1.0
470,1,7,5,0.8
471,1,7,1,0.0
472,1,7,5,0.8
473,1,7,1,0.0
474,1,7,2,0.2
475,1,7,4,0.6
476,1,7,3,0.4
477,1,7,1,0.0
478,1,7,1,0.0
479,1,7,1,0.0
480,1,7,1,0.0
481,1,7,1,0.0
482,1,7,1,0.0
483,1,7,1,0.0
484,1,7,1,0.0
485,1,7,1,0.0
486,1,7,1,0.0
487,1,7,1,0.0
488,1,7,1,0.0
489,1,7,1,0.0
490,1,7,1,0.0
491,1,7,1,0.0
492,1,7,3,0.4
493,1,7,1,0.0
494,1,7,1,0.0
495,1,7,1,0.0
496,1,7,1,0.0
497,1,7,1,0.0
498,1,7,3,0.4
499,1,7,2,0.2
500,1,7,1,0.0
501,1,7,5,0.8
502,1,7,1,0.0
503,1,7,1,0.0
504,1,7,1,0.0
505,1,7,4,0.6
506,1,7,1,0.0
507,1,7,1,0.0
508,1,7,1,0.0
509,1,7,1,0.0
510,1,7,4,0.6
511,1,7,3,0.4
512,1,7,1,0.0
513,1,7,1,0.0
514,1,7,1,0.0
515,1,7,2,0.2
516,1,7,1,0.0
517,1,7,1,0.0
518,1,7,1,0.0
519,1,7,1,0.0
520,1,7,6,1.0
521,1,7,1,0.0
522,1,7,1,0.0
523,1,7,5,0.8
524,1,7,1,0.0
525,1,7,1,0.0
526,1,7,1,0.0
527,1,7,1,0.0
528,1,7,1,0.0
529,1,7,5,0.8
530,1,7,1,0.0
531,1,7,1,0.0
532,1,7,1,0.0
533,1,7,1,0.0
534,1,7,1,0.0
535,1,7,1,0.0
536,1,7,3,0.4
537,1,7,1,0.0
538,1,7,5,0.8
539,1,7,1,0.0
540,1,7,1,0.0
541,1,7,1,0.0
542,1,7,4,0.6
543,1,7,1,0.0
544,1,7,1,0.0
545,1,7,1,0.0
546,1,7,1,0.0
547,1,7,1,0.0
548,1,7,1,0.0
549,1,7,1,0.0
550,1,7,1,0.0
551,1,7,1,0.0
552,1,7,1,0.0
553,1,7,1,0.0
554,1,7,2,0.2
555,1,7,1,0.0
556,1,7,6,1.0
557,1,7,1,0.0
558,1,7,1,0.0
559,1,7,1,0.0
560,1,7,1,0.0
561,1,7,5,0.8
562,1,7,5,0.8
563,1,7,1,0.0
564,1,7,1,0.0
565,1,7,1,0.0
566,1,7,1,0.0
567,1,7,3,0.4
568,1,7,1,0.0
569,1,7,2,0.2
570,1,7,1,0.0
571,1,7,1,0.0
572,1,7,1,0.0
573,1,7,1,0.0
574,1,7,1,0.0
575,1,7,2,0.2
576,1,7,1,0.0
577,1,7,1,0.0
578,1,7,1,0.0
579,1,7,6,1.0
580,1,7,1,0.0
581,1,7,1,0.0
582,1,7,1,0.0
583,1,7,1,0.0
584,1,7,1,0.0
585,1,7,1,0.0
586,1,7,4,0.6
587,1,7,1,0.0
588,1,7,1,0.0
589,1,7,4,0.6
590,1,7,6,1.0
591,1,7,1,0.0
592,1,7,3,0.4
593,1,7,1,0.0
594,1,7,1,0.0
595,1,7,1,0.0
596,1,7,1,0.0
597,1,7,1,0.0
598,1,7,1,0.0
599,1,7,1,0.0
600,1,7,6,1.0
601,1,7,1,0.0
101,0,8,1,0.0
102,0,8,1,0.0
103,0,8,4,0.6
104,0,8,6,1.0
105,0,8,1,0.0
106,0,8,1,0.0
107,0,8,1,0.0
108,0,8,1,0.0
109,0,8,4,0.6
110,0,8,1,0.0
111,0,8,1,0.0
112,0,8,1,0.0
113,0,8,1,0.0
114,0,8,1,0.0
115,0,8,1,0.0
116,0,8,1,0.0
117,0,8,3,0.4
118,0,8,1,0.0
119,0,8,1,0.0
120,0,8,1,0.0
121,0,8,1,0.0
122,0,8,1,0.0
123,0,8,1,0.0
124,0,8,1,0.0
125,0,8,1,0.0
126,0,8,4,0.6
127,0,8,1,0.0
128,0,8,1,0.0
129,0,8,1,0.0
130,0,8,1,0.0
131,0,8,3,0.4
132,0,8,1,0.0
133,0,8,1,0.0
134,0,8,1,0.0
135,0,8,1,0.0
136,0,8,3,0.4
137,0,8,1,0.0
138,0,8,4,0.6
139,0,8,1,0.0
140,0,8,1,0.0
141,0,8,1,0.0
142,0,8,1,0.0
143,0,8,1,0.0
144,0,8,1,0.0
145,0,8,1,0.0
146,0,8,1,0.0
147,0,8,1,0.0
148,0,8,1,0.0
149,0,8,1,0.0
150,0,8,1,0.0
151,0,8,1,0.0
152,0,8,4,0.6
153,0,8,1,0.0
154,0,8,4,0.6
155,0,8,1,0.0
156,0,8,1,0.0
157,0,8,1,0.0
158,0,8,1,0.0
159,0,8,1,0.0
160,0,8,1,0.0
161,0,8,3,0.4
162,0,8,1,0.0
163,0,8,3,0.4
164,0,8,1,0.0
165,0,8,3,0.4
166,0,8,1,0.0
167,0,8,1,0.0
168,0,8,1,0.0
169,0,8,1,0.0
170,0,8,1,0.0
171,0,8,3,0.4
172,0,8,1,0.0
173,0,8,1,0.0
174,0,8,1,0.0
175,0,8,2,0.2
176,0,8,1,0.0
177,0,8,1,0.0
178,0,8,2,0.2
179,0,8,6,1.0
180,0,8,1,0.0
181,0,8,1,0.0
182,0,8,2,0.2
183,0,8,2,0.2
184,0,8,1,0.0
185,0,8,1,0.0
186,0,8,2,0.2
187,0,8,1,0.0
188,0,8,1,0.0
189,0,8,1,0.0
190,0,8,1,0.0
191,0,8,1,0.0
192,0,8,1,0.0
193,0,8,6,1.0
194,0,8,1,0.0
195,0,8,3,0.4
196,0,8,1,0.0
197,0,8,1,0.0
198,0,8,3,0.4
199,0,8,1,0.0
200,0,8,1,0.0
201,0,8,4,0.6
202,0,8,4,0.6
203,0,8,1,0.0
204,0,8,5,0.8
205,0,8,1,0.0
206,0,8,5,0.8
207,0,8,5,0.8
208,0,8,1,0.0
209,0,8,1,0.0
210,0,8,4,0.6
211,0,8,1,0.0
212,0,8,1,0.0
213,0,8,1,0.0
214,0,8,1,0.0
215,0,8,5,0.8
216,0,8,2,0.2
217,0,8,1,0.0
218,0,8,1,0.0
219,0,8,6,1.0
220,0,8,1,0.0
221,0,8,1,0.0
222,0,8,1,0.0
223,0,8,4,0.6
224,0,8,4,0.6
225,0,8,1,0.0
226,0,8,1,0.0
227,0,8,1,0.0
228,0,8,1,0.0
229,0,8,4,0.6
230,0,8,1,0.0
231,0,8,3,0.4
232,0,8,3,0.4
233,0,8,3,0.4
234,0,8,1,0.0
235,0,8,1,0.0
236,0,8,2,0.2
237,0,8,3,0.4
238,0,8,1,0.0
239,0,8,1,0.0
240,0,8,1,0.0
241,0,8,2,0.2
242,0,8,1,0.0
243,0,8,1,0.0
244,0,8,3,0.4
245,0,8,2,0.2
246,0,8,4,0.6
247,0,8,1,0.0
248,0,8,1,0.0
249,0,8,1,0.0
250,0,8,1,0.0
251,0,8,1,0.0
252,0,8,1,0.0
253,0,8,1,0.0
254,0,8,1,0.0
255,0,8,2,0.2
256,0,8,1,0.0
257,0,8,1,0.0
258,0,8,5,0.8
259,0,8,1,0.0
260,0,8,1,0.0
261,0,8,1,0.0
262,0,8,1,0.0
263,0,8,1,0.0
264,0,8,2,0.2
265,0,8,1,0.0
266,0,8,1,0.0
267,0,8,1,0.0
268,0,8,4,0.6
269,0,8,1,0.0
270,0,8,1,0.0
271,0,8,3,0.4
272,0,8,1,0.0
273,0,8,1,0.0
274,0,8,1,0.0
275,0,8,4,0.6
276,0,8,2,0.2
277,0,8,4,0.6
278,0,8,5,0.8
279,0,8,5,0.8
280,0,8,1,0.0
281,0,8,5,0.8
282,0,8,1,0.0
283,0,8,5,0.8
284,0,8,6,1.0
285,0,8,1,0.0
286,0,8,1,0.0
287,0,8,1,0.0
288,0,8,1,0.0
289,0,8,2,0.2
290,0,8,2,0.2
291,0,8,2,0.2
292,0,8,1,0.0
293,0,8,1,0.0
294,0,8,1,0.0
295,0,8,3,0.4
296,0,8,5,0.8
297,0,8,1,0.0
298,0,8,1,0.0
299,0,8,1,0.0
300,0,8,4,0.6
301,0,8,1,0.0
302,0,8,1,0.0
303,0,8,1,0.0
304,0,8,1,0.0
305,0,8,1,0.0
306,0,8,4,0.6
307,0,8,3,0.4
308,0,8,1,0.0
309,0,8,1,0.0
310,0,8,1,0.0
311,0,8,2,0.2
312,0,8,5,0.8
313,0,8,1,0.0
314,0,8,3,0.4
315,0,8,1,0.0
316,0,8,5,0.8
317,0,8,1,0.0
318,0,8,1,0.0
319,0,8,2,0.2
320,0,8,4,0.6
321,0,8,1,0.0
322,0,8,4,0.6
323,0,8,4,0.6
324,0,8,1,0.0
325,0,8,1,0.0
326,0,8,5,0.8
327,0,8,2,0.2
328,0,8,4,0.6
329,0,8,1,0.0
330,0,8,1,0.0
331,0,8,5,0.8
332,0,8,5,0.8
333,0,8,1,0.0
334,0,8,1,0.0
335,0,8,1,0.0
336,0,8,4,0.6
337,0,8,6,1.0
338,0,8,2,0.2
339,0,8,3,0.4
340,0,8,3,0.4
341,0,8,1,0.0
342,0,8,3,0.4
343,0,8,1,0.0
344,0,8,1,0.0
345,0,8,1,0.0
346,0,8,1,0.0
347,0,8,6,1.0
348,0,8,2,0.2
349,0,8,4,0.6
350,0,8,1,0.0
351,0,8,1,0.0
352,0,8,1,0.0
353,0,8,3,0.4
354,0,8,3,0.4
355,0,8,4,0.6
356,0,8,2,0.2
357,0,8,1,0.0
358,0,8,3,0.4
359,0,8,2,0.2
360,0,8,1,0.0
361,1,8,1,0.0
362,1,8,1,0.0
363,1,8,1,0.0
364,1,8,1,0.0
365,1,8,1,0.0
366,1,8,1,0.0
367,1,8,1,0.0
368,1,8,1,0.0
369,1,8,3,0.4
370,1,8,6,1.0
371,1,8,1,0.0
372,1,8,6,1.0
373,1,8,1,0.0
374,1,8,6,1.0
375,1,8,3,0.4
376,1,8,1,0.0
377,1,8,4,0.6
378,1,8,6,1.0
379,1,8,1,0.0
380,1,8,4,0.6
381,1,8,1,0.0
382,1,8,4,0.6
383,1,8,1,0.0
384,1,8,1,0.0
385,1,8,1,0.0
386,1,8,1,0.0
387,1,8,3,0.4
388,1,8,1,0.0
389,1,8,1,0.0
390,1,8,1,0.0
391,1,8,1,0.0
392,1,8,1,0.0
393,1,8,1,0.0
394,1,8,1,0.0
395,1,8,1,0.0
396,1,8,1,0.0
397,1,8,2,0.2
398,1,8,2,0.2
399,1,8,1,0.0
400,1,8,1,0.0
401,1,8,1,0.0
402,1,8,1,0.0
403,1,8,1,0.0
404,1,8,1,0.0
405,1,8,2,0.2
406,1,8,2,0.2
407,1,8,1,0.0
408,1,8,2,0.2
409,1,8,2,0.2
410,1,8,1,0.0
411,1,8,1,0.0
412,1,8,1,0.0
413,1,8,1,0.0
414,1,8,1,0.0
415,1,8,1,0.0
416,1,8,1,0.0
417,1,8,1,0.0
418,1,8,1,0.0
419,1,8,1,0.0
420,1,8,2,0.2
421,1,8,1,0.0
422,1,8,2,0.2
423,1,8,5,0.8
424,1,8,3,0.4
425,1,8,5,0.8
426,1,8,6,1.0
427,1,8,1,0.0
428,1,8,1,0.0
429,1,8,1,0.0
430,1,8,1,0.0
431,1,8,1,0.0
432,1,8,4,0.6
433,1,8,1,0.0
434,1,8,1,0.0
435,1,8,1,0.0
436,1,8,1,0.0
437,1,8,5,0.8
438,1,8,1,0.0
439,1,8,2,0.2
440,1,8,1,0.0
441,1,8,1,0.0
442,1,8,1,0.0
443,1,8,1,0.0
444,1,8,1,0.0
445,1,8,3,0.4
446,1,8,2,0.2
447,1,8,1,0.0
448,1,8,1,0.0
449,1,8,1,0.0
450,1,8,1,0.0
451,1,8,2,0.2
452,1,8,1,0.0
453,1,8,1,0.0
454,1,8,1,0.0
455,1,8,1,0.0
456,1,8,1,0.0
457,1,8,1,0.0
458,1,8,1,0.0
459,1,8,1,0.0
460,1,8,1,0.0
461,1,8,1,0.0
462,1,8,1,0.0
463,1,8,6,1.0
464,1,8,1,0.0
465,1,8,1,0.0
466,1,8,1,0.0
467,1,8,1,0.0
468,1,8,6,1.0
469,1,8,5,0.8
470,1,8,6,1.0
471,1,8,3,0.4
472,1,8,3,0.4
473,1,8,1,0.0
474,1,8,2,0.2
475,1,8,2,0.2
476,1,8,4,0.6
477,1,8,1,0.0
478,1,8,1,0.0
479,1,8,1,0.0
480,1,8,1,0.0
481,1,8,1,0.0
482,1,8,1,0.0
483,1,8,1,0.0
484,1,8,1,0.0
485,1,8,1,0.0
486,1,8,1,0.0
487,1,8,1,0.0
488,1,8,1,0.0
489,1,8,1,0.0
490,1,8,1,0.0
491,1,8,1,0.0
492,1,8,1,0.0
493,1,8,1,0.0
494,1,8,3,0.4
495,1,8,1,0.0
496,1,8,1,0.0
497,1,8,1,0.0
498,1,8,1,0.0
499,1,8,6,1.0
500,1,8,1,0.0
501,1,8,5,0.8
502,1,8,1,0.0
503,1,8,1,0.0
504,1,8,1,0.0
505,1,8,3,0.4
506,1,8,1,0.0
507,1,8,1,0.0
508,1,8,1,0.0
509,1,8,1,0.0
510,1,8,4,0.6
511,1,8,2,0.2
512,1,8,1,0.0
513,1,8,1,0.0
514,1,8,1,0.0
515,1,8,1,0.0
516,1,8,1,0.0
517,1,8,1,0.0
518,1,8,1,0.0
519,1,8,1,0.0
520,1,8,1,0.0
521,1,8,1,0.0
522,1,8,2,0.2
523,1,8,5,0.8
524,1,8,2,0.2
525,1,8,1,0.0
526,1,8,1,0.0
527,1,8,4,0.6
528,1,8,1,0.0
529,1,8,1,0.0
530,1,8,1,0.0
531,1,8,1,0.0
532,1,8,1,0.0
533,1,8,1,0.0
534,1,8,1,0.0
535,1,8,1,0.0
536,1,8,5,0.8
537,1,8,1,0.0
538,1,8,5,0.8
539,1,8,1,0.0
540,1,8,1,0.0
541,1,8,1,0.0
542,1,8,1,0.0
543,1,8,3,0.4
544,1,8,1,0.0
545,1,8,1,0.0
546,1,8,1,0.0
547,1,8,1,0.0
548,1,8,1,0.0
549,1,8,1,0.0
550,1,8,1,0.0
551,1,8,2,0.2
552,1,8,1,0.0
553,1,8,1,0.0
554,1,8,5,0.8
555,1,8,1,0.0
556,1,8,6,1.0
557,1,8,1,0.0
558,1,8,2,0.2
559,1,8,1,0.0
560,1,8,1,0.0
561,1,8,5,0.8
562,1,8,5,0.8
563,1,8,1,0.0
564,1,8,1,0.0
565,1,8,1,0.0
566,1,8,4,0.6
567,1,8,1,0.0
568,1,8,1,0.0
569,1,8,1,0.0
570,1,8,1,0.0
571,1,8,1,0.0
572,1,8,1,0.0
573,1,8,1,0.0
574,1,8,1,0.0
575,1,8,2,0.2
576,1,8,1,0.0
577,1,8,1,0.0
578,1,8,1,0.0
579,1,8,1,0.0
580,1,8,1,0.0
581,1,8,2,0.2
582,1,8,1,0.0
583,1,8,1,0.0
584,1,8,1,0.0
585,1,8,2,0.2
586,1,8,4,0.6
587,1,8,1,0.0
588,1,8,1,0.0
589,1,8,2,0.2
590,1,8,1,0.0
591,1,8,2,0.2
592,1,8,1,0.0
593,1,8,1,0.0
594,1,8,1,0.0
595,1,8,1,0.0
596,1,8,1,0.0
597,1,8,1,0.0
598,1,8,1,0.0
599,1,8,1,0.0
600,1,8,5,0.8
601,1,8,1,0.0
101,0,9,1,0.0
102,0,9,1,0.0
103,0,9,5,0.8
104,0,9,1,0.0
105,0,9,1,0.0
106,0,9,2,0.2
107,0,9,1,0.0
108,0,9,1,0.0
109,0,9,1,0.0
110,0,9,1,0.0
111,0,9,1,0.0
112,0,9,1,0.0
113,0,9,1,0.0
114,0,9,1,0.0
115,0,9,2,0.2
116,0,9,1,0.0
117,0,9,3,0.4
118,0,9,1,0.0
119,0,9,1,0.0
120,0,9,1,0.0
121,0,9,5,0.8
122,0,9,1,0.0
123,0,9,1,0.0
124,0,9,1,0.0
125,0,9,1,0.0
126,0,9,4,0.6
127,0,9,2,0.2
128,0,9,1,0.0
129,0,9,1,0.0
130,0,9,2,0.2
131,0,9,6,1.0
132,0,9,2,0.2
133,0,9,1,0.0
134,0,9,1,0.0
135,0,9,1,0.0
136,0,9,1,0.0
137,0,9,1,0.0
138,0,9,1,0.0
139,0,9,1,0.0
140,0,9,6,1.0
141,0,9,1,0.0
142,0,9,5,0.8
143,0,9,1,0.0
144,0,9,1,0.0
145,0,9,1,0.0
146,0,9,1,0.0
147,0,9,1,0.0
148,0,9,1,0.0
149,0,9,1,0.0
150,0,9,1,0.0
151,0,9,1,0.0
152,0,9,5,0.8
153,0,9,1,0.0
154,0,9,4,0.6
155,0,9,1,0.0
156,0,9,1,0.0
157,0,9,1,0.0
158,0,9,1,0.0
159,0,9,1,0.0
160,0,9,1,0.0
161,0,9,5,0.8
162,0,9,1,0.0
163,0,9,4,0.6
164,0,9,2,0.2
165,0,9,3,0.4
166,0,9,1,0.0
167,0,9,1,0.0
168,0,9,4,0.6
169,0,9,5,0.8
170,0,9,1,0.0
171,0,9,2,0.2
172,0,9,3,0.4
173,0,9,1,0.0
174,0,9,1,0.0
175,0,9,5,0.8
176,0,9,1,0.0
177,0,9,4,0.6
178,0,9,3,0.4
179,0,9,1,0.0
180,0,9,1,0.0
181,0,9,2,0.2
182,0,9,3,0.4
183,0,9,1,0.0
184,0,9,1,0.0
185,0,9,5,0.8
186,0,9,5,0.8
187,0,9,1,0.0
188,0,9,1,0.0
189,0,9,1,0.0
190,0,9,5,0.8
191,0,9,1,0.0
192,0,9,1,0.0
193,0,9,6,1.0
194,0,9,1,0.0
195,0,9,3,0.4
196,0,9,1,0.0
197,0,9,2,0.2
198,0,9,4,0.6
199,0,9,1,0.0
200,0,9,2,0.2
201,0,9,1,0.0
202,0,9,1,0.0
203,0,9,1,0.0
204,0,9,5,0.8
205,0,9,1,0.0
206,0,9,1,0.0
207,0,9,5,0.8
208,0,9,1,0.0
209,0,9,1,0.0
210,0,9,4,0.6
211,0,9,1,0.0
212,0,9,1,0.0
213,0,9,1,0.0
214,0,9,5,0.8
215,0,9,5,0.8
216,0,9,4,0.6
217,0,9,1,0.0
218,0,9,1,0.0
219,0,9,6,1.0
220,0,9,1,0.0
221,0,9,1,0.0
222,0,9,1,0.0
223,0,9,5,0.8
224,0,9,4,0.6
225,0,9,3,0.4
226,0,9,1,0.0
227,0,9,1,0.0
228,0,9,1,0.0
229,0,9,5,0.8
230,0,9,1,0.0
231,0,9,1,0.0
232,0,9,2,0.2
233,0,9,3,0.4
234,0,9,1,0.0
235,0,9,1,0.0
236,0,9,5,0.8
237,0,9,6,1.0
238,0,9,4,0.6
239,0,9,1,0.0
240,0,9,3,0.4
241,0,9,1,0.0
242,0,9,1,0.0
243,0,9,1,0.0
244,0,9,1,0.0
245,0,9,6,1.0
246,0,9,1,0.0
247,0,9,1,0.0
248,0,9,1,0.0
249,0,9,1,0.0
250,0,9,3,0.4
251,0,9,1,0.0
252,0,9,1,0.0
253,0,9,1,0.0
254,0,9,2,0.2
255,0,9,3,0.4
256,0,9,1,0.0
257,0,9,1,0.0
258,0,9,2,0.2
259,0,9,1,0.0
260,0,9,6,1.0
261,0,9,1,0.0
262,0,9,2,0.2
263,0,9,1,0.0
264,0,9,4,0.6
265,0,9,1,0.0
266,0,9,3,0.4
267,0,9,5,0.8
268,0,9,5,0.8
269,0,9,3,0.4
270,0,9,1,0.0
271,0,9,4,0.6
272,0,9,2,0.2
273,0,9,1,0.0
274,0,9,1,0.0
275,0,9,1,0.0
276,0,9,2,0.2
277,0,9,1,0.0
278,0,9,5,0.8
279,0,9,4,0.6
280,0,9,1,0.0
281,0,9,3,0.4
282,0,9,4,0.6
283,0,9,6,1.0
284,0,9,5,0.8
285,0,9,1,0.0
286,0,9,1,0.0
287,0,9,1,0.0
288,0,9,1,0.0
289,0,9,1,0.0
290,0,9,1,0.0
291,0,9,4,0.6
292,0,9,1,0.0
293,0,9,2,0.2
294,0,9,1,0.0
295,0,9,4,0.6
296,0,9,1,0.0
297,0,9,1,0.0
298,0,9,1,0.0
299,0,9,2,0.2
300,0,9,4,0.6
301,0,9,1,0.0
302,0,9,2,0.2
303,0,9,1,0.0
304,0,9,1,0.0
305,0,9,1,0.0
306,0,9,4,0.6
307,0,9,4,0.6
308,0,9,4,0.6
309,0,9,1,0.0
310,0,9,1,0.0
311,0,9,3,0.4
312,0,9,2,0.2
313,0,9,5,0.8
314,0,9,4,0.6
315,0,9,1,0.0
316,0,9,4,0.6
317,0,9,4,0.6
318,0,9,6,1.0
319,0,9,1,0.0
320,0,9,5,0.8
321,0,9,1,0.0
322,0,9,4,0.6
323,0,9,5,0.8
324,0,9,1,0.0
325,0,9,1,0.0
326,0,9,5,0.8
327,0,9,3,0.4
328,0,9,5,0.8
329,0,9,3,0.4
330,0,9,1,0.0
331,0,9,5,0.8
332,0,9,5,0.8
333,0,9,1,0.0
334,0,9,4,0.6
335,0,9,1,0.0
336,0,9,4,0.6
337,0,9,5,0.8
338,0,9,1,0.0
339,0,9,4,0.6
340,0,9,2,0.2
341,0,9,1,0.0
342,0,9,4,0.6
343,0,9,2,0.2
344,0,9,1,0.0
345,0,9,2,0.2
346,0,9,1,0.0
347,0,9,6,1.0
348,0,9,2,0.2
349,0,9,4,0.6
350,0,9,1,0.0
351,0,9,3,0.4
352,0,9,1,0.0
353,0,9,6,1.0
354,0,9,4,0.6
355,0,9,4,0.6
356,0,9,2,0.2
357,0,9,1,0.0
358,0,9,2,0.2
359,0,9,1,0.0
360,0,9,1,0.0
361,1,9,5,0.8
362,1,9,1,0.0
363,1,9,1,0.0
364,1,9,1,0.0
365,1,9,1,0.0
366,1,9,1,0.0
367,1,9,1,0.0
368,1,9,1,0.0
369,1,9,4,0.6
370,1,9,3,0.4
371,1,9,1,0.0
372,1,9,6,1.0
373,1,9,2,0.2
374,1,9,6,1.0
375,1,9,1,0.0
376,1,9,1,0.0
377,1,9,3,0.4
378,1,9,4,0.6
379,1,9,1,0.0
380,1,9,5,0.8
381,1,9,5,0.8
382,1,9,6,1.0
383,1,9,1,0.0
384,1,9,1,0.0
385,1,9,1,0.0
386,1,9,1,0.0
387,1,9,2,0.2
388,1,9,1,0.0
389,1,9,1,0.0
390,1,9,1,0.0
391,1,9,1,0.0
392,1,9,1,0.0
393,1,9,1,0.0
394,1,9,1,0.0
395,1,9,1,0.0
396,1,9,1,0.0
397,1,9,2,0.2
398,1,9,1,0.0
399,1,9,1,0.0
400,1,9,1,0.0
401,1,9,1,0.0
402,1,9,1,0.0
403,1,9,1,0.0
404,1,9,2,0.2
405,1,9,1,0.0
406,1,9,5,0.8
407,1,9,1,0.0
408,1,9,1,0.0
409,1,9,3,0.4
410,1,9,1,0.0
411,1,9,1,0.0
412,1,9,1,0.0
413,1,9,1,0.0
414,1,9,1,0.0
415,1,9,1,0.0
416,1,9,1,0.0
417,1,9,2,0.2
418,1,9,1,0.0
419,1,9,1,0.0
420,1,9,2,0.2
421,1,9,1,0.0
422,1,9,3,0.4
423,1,9,4,0.6
424,1,9,4,0.6
425,1,9,5,0.8
426,1,9,6,1.0
427,1,9,1,0.0
428,1,9,1,0.0
429,1,9,1,0.0
430,1,9,1,0.0
431,1,9,1,0.0
432,1,9,6,1.0
433,1,9,1,0.0
434,1,9,1,0.0
435,1,9,1,0.0
436,1,9,1,0.0
437,1,9,5,0.8
438,1,9,1,0.0
439,1,9,2,0.2
440,1,9,1,0.0
441,1,9,1,0.0
442,1,9,1,0.0
443,1,9,1,0.0
444,1,9,1,0.0
445,1,9,4,0.6
446,1,9,1,0.0
447,1,9,1,0.0
448,1,9,1,0.0
449,1,9,1,0.0
450,1,9,1,0.0
451,1,9,1,0.0
452,1,9,3,0.4
453,1,9,1,0.0
454,1,9,1,0.0
455,1,9,1,0.0
456,1,9,1,0.0
457,1,9,1,0.0
458,1,9,3,0.4
459,1,9,1,0.0
460,1,9,1,0.0
461,1,9,1,0.0
462,1,9,1,0.0
463,1,9,6,1.0
464,1,9,1,0.0
465,1,9,1,0.0
466,1,9,1,0.0
467,1,9,1,0.0
468,1,9,6,1.0
469,1,9,4,0.6
470,1,9,6,1.0
471,1,9,2,0.2
472,1,9,4,0.6
473,1,9,1,0.0
474,1,9,2,0.2
475,1,9,2,0.2
476,1,9,4,0.6
477,1,9,1,0.0
478,1,9,4,0.6
479,1,9,6,1.0
480,1,9,1,0.0
481,1,9,1,0.0
482,1,9,1,0.0
483,1,9,1,0.0
484,1,9,1,0.0
485,1,9,1,0.0
486,1,9,1,0.0
487,1,9,1,0.0
488,1,9,1,0.0
489,1,9,1,0.0
490,1,9,1,0.0
491,1,9,1,0.0
492,1,9,1,0.0
493,1,9,1,0.0
494,1,9,1,0.0
495,1,9,1,0.0
496,1,9,1,0.0
497,1,9,1,0.0
498,1,9,1,0.0
499,1,9,3,0.4
500,1,9,1,0.0
501,1,9,5,0.8
502,1,9,1,0.0
503,1,9,4,0.6
504,1,9,1,0.0
505,1,9,4,0.6
506,1,9,1,0.0
507,1,9,1,0.0
508,1,9,1,0.0
509,1,9,1,0.0
510,1,9,4,0.6
511,1,9,2,0.2
512,1,9,1,0.0
513,1,9,1,0.0
514,1,9,1,0.0
515,1,9,1,0.0
516,1,9,1,0.0
517,1,9,1,0.0
518,1,9,1,0.0
519,1,9,1,0.0
520,1,9,1,0.0
521,1,9,1,0.0
522,1,9,1,0.0
523,1,9,5,0.8
524,1,9,3,0.4
525,1,9,1,0.0
526,1,9,1,0.0
527,1,9,4,0.6
528,1,9,1,0.0
529,1,9,2,0.2
530,1,9,1,0.0
531,1,9,1,0.0
532,1,9,1,0.0
533,1,9,5,0.8
534,1,9,1,0.0
535,1,9,1,0.0
536,1,9,4,0.6
537,1,9,1,0.0
538,1,9,5,0.8
539,1,9,1,0.0
540,1,9,1,0.0
541,1,9,1,0.0
542,1,9,1,0.0
543,1,9,1,0.0
544,1,9,1,0.0
545,1,9,1,0.0
546,1,9,1,0.0
547,1,9,1,0.0
548,1,9,1,0.0
549,1,9,1,0.0
550,1,9,1,0.0
551,1,9,2,0.2
552,1,9,1,0.0
553,1,9,1,0.0
554,1,9,1,0.0
555,1,9,1,0.0
556,1,9,6,1.0
557,1,9,1,0.0
558,1,9,2,0.2
559,1,9,1,0.0
560,1,9,1,0.0
561,1,9,4,0.6
562,1,9,5,0.8
563,1,9,1,0.0
564,1,9,4,0.6
565,1,9,3,0.4
566,1,9,5,0.8
567,1,9,1,0.0
568,1,9,1,0.0
569,1,9,1,0.0
570,1,9,1,0.0
571,1,9,1,0.0
572,1,9,1,0.0
573,1,9,1,0.0
574,1,9,1,0.0
575,1,9,2,0.2
576,1,9,2,0.2
577,1,9,6,1.0
578,1,9,1,0.0
579,1,9,1,0.0
580,1,9,1,0.0
581,1,9,6,1.0
582,1,9,1,0.0
583,1,9,1,0.0
584,1,9,1,0.0
585,1,9,1,0.0
586,1,9,4,0.6
587,1,9,1,0.0
588,1,9,1,0.0
589,1,9,1,0.0
590,1,9,3,0.4
591,1,9,4,0.6
592,1,9,1,0.0
593,1,9,1,0.0
594,1,9,1,0.0
595,1,9,1,0.0
596,1,9,1,0.0
597,1,9,2,0.2
598,1,9,2,0.2
599,1,9,1,0.0
600,1,9,6,1.0
601,1,9,1,0.0
101,0,10,1,0.0
102,0,10,1,0.0
103,0,10,6,1.0
104,0,10,6,1.0
105,0,10,1,0.0
106,0,10,1,0.0
107,0,10,1,0.0
108,0,10,2,0.2
109,0,10,2,0.2
110,0,10,1,0.0
111,0,10,1,0.0
112,0,10,1,0.0
113,0,10,2,0.2
114,0,10,1,0.0
115,0,10,1,0.0
116,0,10,1,0.0
117,0,10,4,0.6
118,0,10,1,0.0
119,0,10,3,0.4
120,0,10,1,0.0
121,0,10,3,0.4
122,0,10,1,0.0
123,0,10,5,0.8
124,0,10,1,0.0
125,0,10,1,0.0
126,0,10,1,0.0
127,0,10,1,0.0
128,0,10,1,0.0
129,0,10,1,0.0
130,0,10,1,0.0
131,0,10,1,0.0
132,0,10,1,0.0
133,0,10,2,0.2
134,0,10,1,0.0
135,0,10,2,0.2
136,0,10,4,0.6
137,0,10,1,0.0
138,0,10,5,0.8
139,0,10,1,0.0
140,0,10,2,0.2
141,0,10,1,0.0
142,0,10,3,0.4
143,0,10,2,0.2
144,0,10,1,0.0
145,0,10,1,0.0
146,0,10,4,0.6
147,0,10,2,0.2
148,0,10,1,0.0
149,0,10,1,0.0
150,0,10,4,0.6
151,0,10,1,0.0
152,0,10,5,0.8
153,0,10,1,0.0
154,0,10,5,0.8
155,0,10,2,0.2
156,0,10,1,0.0
157,0,10,1,0.0
158,0,10,2,0.2
159,0,10,1,0.0
160,0,10,1,0.0
161,0,10,6,1.0
162,0,10,1,0.0
163,0,10,2,0.2
164,0,10,2,0.2
165,0,10,4,0.6
166,0,10,2,0.2
167,0,10,1,0.0
168,0,10,5,0.8
169,0,10,1,0.0
170,0,10,1,0.0
171,0,10,2,0.2
172,0,10,1,0.0
173,0,10,1,0.0
174,0,10,3,0.4
175,0,10,6,1.0
176,0,10,1,0.0
177,0,10,1,0.0
178,0,10,1,0.0
179,0,10,1,0.0
180,0,10,1,0.0
181,0,10,1,0.0
182,0,10,2,0.2
183,0,10,1,0.0
184,0,10,4,0.6
185,0,10,1,0.0
186,0,10,4,0.6
187,0,10,1,0.0
188,0,10,1,0.0
189,0,10,1,0.0
190,0,10,1,0.0
191,0,10,1,0.0
192,0,10,1,0.0
193,0,10,5,0.8
194,0,10,1,0.0
195,0,10,4,0.6
196,0,10,1,0.0
197,0,10,1,0.0
198,0,10,1,0.0
199,0,10,1,0.0
200,0,10,1,0.0
201,0,10,6,1.0
202,0,10,5,0.8
203,0,10,1,0.0
204,0,10,5,0.8
205,0,10,1,0.0
206,0,10,6,1.0
207,0,10,5,0.8
208,0,10,1,0.0
209,0,10,1,0.0
210,0,10,6,1.0
211,0,10,1,0.0
212,0,10,1,0.0
213,0,10,1,0.0
214,0,10,4,0.6
215,0,10,5,0.8
216,0,10,2,0.2
217,0,10,1,0.0
218,0,10,1,0.0
219,0,10,6,1.0
220,0,10,1,0.0
221,0,10,4,0.6
222,0,10,1,0.0
223,0,10,4,0.6
224,0,10,5,0.8
225,0,10,1,0.0
226,0,10,1,0.0
227,0,10,1,0.0
228,0,10,1,0.0
229,0,10,2,0.2
230,0,10,1,0.0
231,0,10,2,0.2
232,0,10,2,0.2
233,0,10,3,0.4
234,0,10,1,0.0
235,0,10,1,0.0
236,0,10,1,0.0
237,0,10,1,0.0
238,0,10,1,0.0
239,0,10,1,0.0
240,0,10,1,0.0
241,0,10,2,0.2
242,0,10,5,0.8
243,0,10,1,0.0
244,0,10,1,0.0
245,0,10,2,0.2
246,0,10,6,1.0
247,0,10,2,0.2
248,0,10,1,0.0
249,0,10,1,0.0
250,0,10,1,0.0
251,0,10,1,0.0
252,0,10,1,0.0
253,0,10,1,0.0
254,0,10,1,0.0
255,0,10,2,0.2
256,0,10,1,0.0
257,0,10,1,0.0
258,0,10,6,1.0
259,0,10,1,0.0
260,0,10,1,0.0
261,0,10,1,0.0
262,0,10,1,0.0
263,0,10,1,0.0
264,0,10,2,0.2
265,0,10,1,0.0
266,0,10,1,0.0
267,0,10,1,0.0
268,0,10,3,0.4
269,0,10,1,0.0
270,0,10,6,1.0
271,0,10,5,0.8
272,0,10,1,0.0
273,0,10,1,0.0
274,0,10,1,0.0
275,0,10,5,0.8
276,0,10,6,1.0
277,0,10,1,0.0
278,0,10,6,1.0
279,0,10,4,0.6
280,0,10,6,1.0
281,0,10,3,0.4
282,0,10,1,0.0
283,0,10,6,1.0
284,0,10,6,1.0
285,0,10,1,0.0
286,0,10,1,0.0
287,0,10,1,0.0
288,0,10,1,0.0
289,0,10,1,0.0
290,0,10,1,0.0
291,0,10,1,0.0
292,0,10,1,0.0
293,0,10,1,0.0
294,0,10,1,0.0
295,0,10,2,0.2
296,0,10,5,0.8
297,0,10,1,0.0
298,0,10,1,0.0
299,0,10,1,0.0
300,0,10,5,0.8
301,0,10,1,0.0
302,0,10,3,0.4
303,0,10,1,0.0
304,0,10,1,0.0
305,0,10,1,0.0
306,0,10,4,0.6
307,0,10,3,0.4
308,0,10,3,0.4
309,0,10,3,0.4
310,0,10,6,1.0
311,0,10,3,0.4
312,0,10,2,0.2
313,0,10,1,0.0
314,0,10,4,0.6
315,0,10,2,0.2
316,0,10,4,0.6
317,0,10,1,0.0
318,0,10,6,1.0
319,0,10,1,0.0
320,0,10,6,1.0
321,0,10,1,0.0
322,0,10,4,0.6
323,0,10,5,0.8
324,0,10,2,0.2
325,0,10,1,0.0
326,0,10,5,0.8
327,0,10,4,0.6
328,0,10,4,0.6
329,0,10,5,0.8
330,0,10,1,0.0
331,0,10,5,0.8
332,0,10,5,0.8
333,0,10,1,0.0
334,0,10,6,1.0
335,0,10,4,0.6
336,0,10,5,0.8
337,0,10,6,1.0
338,0,10,5,0.8
339,0,10,1,0.0
340,0,10,1,0.0
341,0,10,1,0.0
342,0,10,2,0.2
343,0,10,1,0.0
344,0,10,1,0.0
345,0,10,2,0.2
346,0,10,6,1.0
347,0,10,6,1.0
348,0,10,1,0.0
349,0,10,4,0.6
350,0,10,1,0.0
351,0,10,4,0.6
352,0,10,1,0.0
353,0,10,5,0.8
354,0,10,4,0.6
355,0,10,4,0.6
356,0,10,5,0.8
357,0,10,3,0.4
358,0,10,6,1.0
359,0,10,1,0.0
360,0,10,1,0.0
361,1,10,4,0.6
362,1,10,1,0.0
363,1,10,1,0.0
364,1,10,1,0.0
365,1,10,1,0.0
366,1,10,1,0.0
367,1,10,5,0.8
368,1,10,1,0.0
369,1,10,4,0.6
370,1,10,5,0.8
371,1,10,1,0.0
372,1,10,5,0.8
373,1,10,1,0.0
374,1,10,6,1.0
375,1,10,2,0.2
376,1,10,1,0.0
377,1,10,2,0.2
378,1,10,4,0.6
379,1,10,1,0.0
380,1,10,5,0.8
381,1,10,5,0.8
382,1,10,2,0.2
383,1,10,1,0.0
384,1,10,1,0.0
385,1,10,1,0.0
386,1,10,1,0.0
387,1,10,1,0.0
388,1,10,1,0.0
389,1,10,1,0.0
390,1,10,1,0.0
391,1,10,1,0.0
392,1,10,1,0.0
393,1,10,2,0.2
394,1,10,1,0.0
395,1,10,1,0.0
396,1,10,1,0.0
397,1,10,2,0.2
398,1,10,2,0.2
399,1,10,1,0.0
400,1,10,1,0.0
401,1,10,1,0.0
402,1,10,1,0.0
403,1,10,1,0.0
404,1,10,1,0.0
405,1,10,5,0.8
406,1,10,1,0.0
407,1,10,1,0.0
408,1,10,3,0.4
409,1,10,3,0.4
410,1,10,1,0.0
411,1,10,1,0.0
412,1,10,1,0.0
413,1,10,1,0.0
414,1,10,1,0.0
415,1,10,1,0.0
416,1,10,1,0.0
417,1,10,2,0.2
418,1,10,1,0.0
419,1,10,1,0.0
420,1,10,1,0.0
421,1,10,1,0.0
422,1,10,3,0.4
423,1,10,4,0.6
424,1,10,2,0.2
425,1,10,5,0.8
426,1,10,6,1.0
427,1,10,1,0.0
428,1,10,1,0.0
429,1,10,1,0.0
430,1,10,1,0.0
431,1,10,1,0.0
432,1,10,1,0.0
433,1,10,1,0.0
434,1,10,1,0.0
435,1,10,1,0.0
436,1,10,1,0.0
437,1,10,4,0.6
438,1,10,1,0.0
439,1,10,3,0.4
440,1,10,1,0.0
441,1,10,1,0.0
442,1,10,1,0.0
443,1,10,1,0.0
444,1,10,1,0.0
445,1,10,2,0.2
446,1,10,3,0.4
447,1,10,1,0.0
448,1,10,1,0.0
449,1,10,1,0.0
450,1,10,1,0.0
451,1,10,2,0.2
452,1,10,1,0.0
453,1,10,1,0.0
454,1,10,1,0.0
455,1,10,1,0.0
456,1,10,1,0.0
457,1,10,1,0.0
458,1,10,5,0.8
459,1,10,1,0.0
460,1,10,1,0.0
461,1,10,1,0.0
462,1,10,1,0.0
463,1,10,4,0.6
464,1,10,1,0.0
465,1,10,1,0.0
466,1,10,1,0.0
467,1,10,1,0.0
468,1,10,5,0.8
469,1,10,6,1.0
470,1,10,5,0.8
471,1,10,1,0.0
472,1,10,5,0.8
473,1,10,1,0.0
474,1,10,2,0.2
475,1,10,2,0.2
476,1,10,1,0.0
477,1,10,1,0.0
478,1,10,2,0.2
479,1,10,1,0.0
480,1,10,1,0.0
481,1,10,1,0.0
482,1,10,1,0.0
483,1,10,1,0.0
484,1,10,1,0.0
485,1,10,1,0.0
486,1,10,1,0.0
487,1,10,1,0.0
488,1,10,1,0.0
489,1,10,1,0.0
490,1,10,1,0.0
491,1,10,1,0.0
492,1,10,1,0.0
493,1,10,1,0.0
494,1,10,1,0.0
495,1,10,1,0.0
496,1,10,1,0.0
497,1,10,1,0.0
498,1,10,1,0.0
499,1,10,1,0.0
500,1,10,4,0.6
501,1,10,4,0.6
502,1,10,1,0.0
503,1,10,1,0.0
504,1,10,5,0.8
505,1,10,4,0.6
506,1,10,1,0.0
507,1,10,1,0.0
508,1,10,2,0.2
509,1,10,1,0.0
510,1,10,5,0.8
511,1,10,1,0.0
512,1,10,1,0.0
513,1,10,1,0.0
514,1,10,1,0.0
515,1,10,1,0.0
516,1,10,1,0.0
517,1,10,1,0.0
518,1,10,2,0.2
519,1,10,1,0.0
520,1,10,6,1.0
521,1,10,1,0.0
522,1,10,1,0.0
523,1,10,5,0.8
524,1,10,1,0.0
525,1,10,3,0.4
526,1,10,1,0.0
527,1,10,4,0.6
528,1,10,1,0.0
529,1,10,1,0.0
530,1,10,1,0.0
531,1,10,1,0.0
532,1,10,1,0.0
533,1,10,6,1.0
534,1,10,1,0.0
535,1,10,1,0.0
536,1,10,4,0.6
537,1,10,1,0.0
538,1,10,5,0.8
539,1,10,1,0.0
540,1,10,1,0.0
541,1,10,1,0.0
542,1,10,1,0.0
543,1,10,3,0.4
544,1,10,4,0.6
545,1,10,1,0.0
546,1,10,3,0.4
547,1,10,1,0.0
548,1,10,1,0.0
549,1,10,1,0.0
550,1,10,1,0.0
551,1,10,1,0.0
552,1,10,1,0.0
553,1,10,1,0.0
554,1,10,3,0.4
555,1,10,1,0.0
556,1,10,4,0.6
557,1,10,1,0.0
558,1,10,1,0.0
559,1,10,1,0.0
560,1,10,1,0.0
561,1,10,5,0.8
562,1,10,5,0.8
563,1,10,1,0.0
564,1,10,1,0.0
565,1,10,1,0.0
566,1,10,6,1.0
567,1,10,1,0.0
568,1,10,1,0.0
569,1,10,3,0.4
570,1,10,5,0.8
571,1,10,1,0.0
572,1,10,1,0.0
573,1,10,1,0.0
574,1,10,1,0.0
575,1,10,2,0.2
576,1,10,1,0.0
577,1,10,2,0.2
578,1,10,1,0.0
579,1,10,6,1.0
580,1,10,2,0.2
581,1,10,1,0.0
582,1,10,1,0.0
583,1,10,1,0.0
584,1,10,1,0.0
585,1,10,1,0.0
586,1,10,4,0.6
587,1,10,1,0.0
588,1,10,1,0.0
589,1,10,4,0.6
590,1,10,1,0.0
591,1,10,2,0.2
592,1,10,1,0.0
593,1,10,1,0.0
594,1,10,2,0.2
595,1,10,1,0.0
596,1,10,2,0.2
597,1,10,1,0.0
598,1,10,3,0.4
599,1,10,1,0.0
600,1,10,6,1.0
601,1,10,1,0.0
101,0,11,1,0.0
102,0,11,1,0.0
103,0,11,3,0.4
104,0,11,6,1.0
105,0,11,1,0.0
106,0,11,1,0.0
107,0,11,1,0.0
108,0,11,2,0.2
109,0,11,3,0.4
110,0,11,1,0.0
111,0,11,1,0.0
112,0,11,1,0.0
113,0,11,3,0.4
114,0,11,1,0.0
115,0,11,6,1.0
116,0,11,1,0.0
117,0,11,5,0.8
118,0,11,1,0.0
119,0,11,2,0.2
120,0,11,2,0.2
121,0,11,1,0.0
122,0,11,6,1.0
123,0,11,3,0.4
124,0,11,1,0.0
125,0,11,1,0.0
126,0,11,1,0.0
127,0,11,3,0.4
128,0,11,1,0.0
129,0,11,1,0.0
130,0,11,1,0.0
131,0,11,5,0.8
132,0,11,2,0.2
133,0,11,4,0.6
134,0,11,1,0.0
135,0,11,1,0.0
136,0,11,1,0.0
137,0,11,3,0.4
138,0,11,6,1.0
139,0,11,6,1.0
140,0,11,1,0.0
141,0,11,1,0.0
142,0,11,3,0.4
143,0,11,2,0.2
144,0,11,3,0.4
145,0,11,1,0.0
146,0,11,5,0.8
147,0,11,2,0.2
148,0,11,1,0.0
149,0,11,1,0.0
150,0,11,1,0.0
151,0,11,5,0.8
152,0,11,3,0.4
153,0,11,1,0.0
154,0,11,2,0.2
155,0,11,3,0.4
156,0,11,1,0.0
157,0,11,1,0.0
158,0,11,1,0.0
159,0,11,1,0.0
160,0,11,1,0.0
161,0,11,6,1.0
162,0,11,1,0.0
163,0,11,3,0.4
164,0,11,5,0.8
165,0,11,6,1.0
166,0,11,2,0.2
167,0,11,1,0.0
168,0,11,5,0.8
169,0,11,3,0.4
170,0,11,1,0.0
171,0,11,2,0.2
172,0,11,3,0.4
173,0,11,1,0.0
174,0,11,5,0.8
175,0,11,6,1.0
176,0,11,2,0.2
177,0,11,1,0.0
178,0,11,1,0.0
179,0,11,1,0.0
180,0,11,1,0.0
181,0,11,4,0.6
182,0,11,4,0.6
183,0,11,2,0.2
184,0,11,5,0.8
185,0,11,1,0.0
186,0,11,3,0.4
187,0,11,2,0.2
188,0,11,1,0.0
189,0,11,1,0.0
190,0,11,1,0.0
191,0,11,1,0.0
192,0,11,1,0.0
193,0,11,6,1.0
194,0,11,1,0.0
195,0,11,4,0.6
196,0,11,1,0.0
197,0,11,1,0.0
198,0,11,1,0.0
199,0,11,1,0.0
200,0,11,1,0.0
201,0,11,6,1.0
202,0,11,4,0.6
203,0,11,1,0.0
204,0,11,5,0.8
205,0,11,1,0.0
206,0,11,6,1.0
207,0,11,4,0.6
208,0,11,6,1.0
209,0,11,1,0.0
210,0,11,5,0.8
211,0,11,1,0.0
212,0,11,1,0.0
213,0,11,1,0.0
214,0,11,6,1.0
215,0,11,5,0.8
216,0,11,1,0.0
217,0,11,4,0.6
218,0,11,1,0.0
219,0,11,5,0.8
220,0,11,1,0.0
221,0,11,6,1.0
222,0,11,1,0.0
223,0,11,3,0.4
224,0,11,5,0.8
225,0,11,5,0.8
226,0,11,1,0.0
227,0,11,1,0.0
228,0,11,1,0.0
229,0,11,3,0.4
230,0,11,1,0.0
231,0,11,4,0.6
232,0,11,2,0.2
233,0,11,3,0.4
234,0,11,1,0.0
235,0,11,1,0.0
236,0,11,4,0.6
237,0,11,2,0.2
238,0,11,1,0.0
239,0,11,1,0.0
240,0,11,1,0.0
241,0,11,1,0.0
242,0,11,1,0.0
243,0,11,1,0.0
244,0,11,1,0.0
245,0,11,2,0.2
246,0,11,6,1.0
247,0,11,1,0.0
248,0,11,1,0.0
249,0,11,1,0.0
250,0,11,3,0.4
251,0,11,1,0.0
252,0,11,1,0.0
253,0,11,3,0.4
254,0,11,2,0.2
255,0,11,1,0.0
256,0,11,1,0.0
257,0,11,1,0.0
258,0,11,6,1.0
259,0,11,1,0.0
260,0,11,3,0.4
261,0,11,3,0.4
262,0,11,1,0.0
263,0,11,1,0.0
264,0,11,3,0.4
265,0,11,1,0.0
266,0,11,1,0.0
267,0,11,1,0.0
268,0,11,2,0.2
269,0,11,6,1.0
270,0,11,6,1.0
271,0,11,6,1.0
272,0,11,1,0.0
273,0,11,6,1.0
274,0,11,3,0.4
275,0,11,5,0.8
276,0,11,2,0.2
277,0,11,2,0.2
278,0,11,6,1.0
279,0,11,4,0.6
280,0,11,6,1.0
281,0,11,3,0.4
282,0,11,5,0.8
283,0,11,6,1.0
284,0,11,5,0.8
285,0,11,1,0.0
286,0,11,1,0.0
287,0,11,1,0.0
288,0,11,1,0.0
289,0,11,1,0.0
290,0,11,2,0.2
291,0,11,4,0.6
292,0,11,1,0.0
293,0,11,1,0.0
294,0,11,1,0.0
295,0,11,4,0.6
296,0,11,6,1.0
297,0,11,2,0.2
298,0,11,4,0.6
299,0,11,1,0.0
300,0,11,5,0.8
301,0,11,1,0.0
302,0,11,1,0.0
303,0,11,2,0.2
304,0,11,1,0.0
305,0,11,1,0.0
306,0,11,4,0.6
307,0,11,2,0.2
308,0,11,1,0.0
309,0,11,2,0.2
310,0,11,5,0.8
311,0,11,2,0.2
312,0,11,2,0.2
313,0,11,3,0.4
314,0,11,4,0.6
315,0,11,2,0.2
316,0,11,2,0.2
317,0,11,1,0.0
318,0,11,1,0.0
319,0,11,3,0.4
320,0,11,5,0.8
321,0,11,1,0.0
322,0,11,4,0.6
323,0,11,5,0.8
324,0,11,4,0.6
325,0,11,1,0.0
326,0,11,4,0.6
327,0,11,3,0.4
328,0,11,3,0.4
329,0,11,1,0.0
330,0,11,1,0.0
331,0,11,5,0.8
332,0,11,5,0.8
333,0,11,1,0.0
334,0,11,4,0.6
335,0,11,3,0.4
336,0,11,4,0.6
337,0,11,6,1.0
338,0,11,4,0.6
339,0,11,1,0.0
340,0,11,3,0.4
341,0,11,1,0.0
342,0,11,4,0.6
343,0,11,1,0.0
344,0,11,1,0.0
345,0,11,1,0.0
346,0,11,5,0.8
347,0,11,5,0.8
348,0,11,1,0.0
349,0,11,4,0.6
350,0,11,2,0.2
351,0,11,4,0.6
352,0,11,1,0.0
353,0,11,5,0.8
354,0,11,5,0.8
355,0,11,4,0.6
356,0,11,2,0.2
357,0,11,1,0.0
358,0,11,2,0.2
359,0,11,5,0.8
360,0,11,1,0.0
361,1,11,2,0.2
362,1,11,1,0.0
363,1,11,1,0.0
364,1,11,1,0.0
365,1,11,1,0.0
366,1,11,1,0.0
367,1,11,1,0.0
368,1,11,1,0.0
369,1,11,2,0.2
370,1,11,5,0.8
371,1,11,1,0.0
372,1,11,6,1.0
373,1,11,5,0.8
374,1,11,5,0.8
375,1,11,5,0.8
376,1,11,1,0.0
377,1,11,5,0.8
378,1,11,6,1.0
379,1,11,1,0.0
380,1,11,4,0.6
381,1,11,1,0.0
382,1,11,3,0.4
383,1,11,1,0.0
384,1,11,1,0.0
385,1,11,1,0.0
386,1,11,1,0.0
387,1,11,1,0.0
388,1,11,1,0.0
389,1,11,1,0.0
390,1,11,1,0.0
391,1,11,1,0.0
392,1,11,4,0.6
393,1,11,2,0.2
394,1,11,1,0.0
395,1,11,1,0.0
396,1,11,1,0.0
397,1,11,4,0.6
398,1,11,2,0.2
399,1,11,4,0.6
400,1,11,1,0.0
401,1,11,2,0.2
402,1,11,1,0.0
403,1,11,1,0.0
404,1,11,1,0.0
405,1,11,2,0.2
406,1,11,1,0.0
407,1,11,1,0.0
408,1,11,6,1.0
409,1,11,2,0.2
410,1,11,1,0.0
411,1,11,1,0.0
412,1,11,1,0.0
413,1,11,1,0.0
414,1,11,1,0.0
415,1,11,1,0.0
416,1,11,1,0.0
417,1,11,1,0.0
418,1,11,1,0.0
419,1,11,1,0.0
420,1,11,1,0.0
421,1,11,1,0.0
422,1,11,1,0.0
423,1,11,5,0.8
424,1,11,2,0.2
425,1,11,5,0.8
426,1,11,6,1.0
427,1,11,1,0.0
428,1,11,1,0.0
429,1,11,1,0.0
430,1,11,1,0.0
431,1,11,1,0.0
432,1,11,3,0.4
433,1,11,1,0.0
434,1,11,6,1.0
435,1,11,1,0.0
436,1,11,1,0.0
437,1,11,5,0.8
438,1,11,2,0.2
439,1,11,3,0.4
440,1,11,5,0.8
441,1,11,1,0.0
442,1,11,1,0.0
443,1,11,1,0.0
444,1,11,1,0.0
445,1,11,5,0.8
446,1,11,3,0.4
447,1,11,1,0.0
448,1,11,1,0.0
449,1,11,1,0.0
450,1,11,1,0.0
451,1,11,3,0.4
452,1,11,1,0.0
453,1,11,1,0.0
454,1,11,1,0.0
455,1,11,1,0.0
456,1,11,1,0.0
457,1,11,1,0.0
458,1,11,3,0.4
459,1,11,1,0.0
460,1,11,1,0.0
461,1,11,6,1.0
462,1,11,1,0.0
463,1,11,5,0.8
464,1,11,2,0.2
465,1,11,1,0.0
466,1,11,1,0.0
467,1,11,1,0.0
468,1,11,6,1.0
469,1,11,5,0.8
470,1,11,4,0.6
471,1,11,3,0.4
472,1,11,4,0.6
473,1,11,1,0.0
474,1,11,5,0.8
475,1,11,2,0.2
476,1,11,5,0.8
477,1,11,5,0.8
478,1,11,1,0.0
479,1,11,5,0.8
480,1,11,1,0.0
481,1,11,1,0.0
482,1,11,1,0.0
483,1,11,1,0.0
484,1,11,1,0.0
485,1,11,1,0.0
486,1,11,1,0.0
487,1,11,1,0.0
488,1,11,1,0.0
489,1,11,1,0.0
490,1,11,1,0.0
491,1,11,1,0.0
492,1,11,1,0.0
493,1,11,1,0.0
494,1,11,3,0.4
495,1,11,1,0.0
496,1,11,1,0.0
497,1,11,3,0.4
498,1,11,1,0.0
499,1,11,5,0.8
500,1,11,6,1.0
501,1,11,4,0.6
502,1,11,1,0.0
503,1,11,2,0.2
504,1,11,6,1.0
505,1,11,1,0.0
506,1,11,1,0.0
507,1,11,1,0.0
508,1,11,1,0.0
509,1,11,1,0.0
510,1,11,5,0.8
511,1,11,2,0.2
512,1,11,1,0.0
513,1,11,1,0.0
514,1,11,1,0.0
515,1,11,1,0.0
516,1,11,1,0.0
517,1,11,1,0.0
518,1,11,1,0.0
519,1,11,2,0.2
520,1,11,1,0.0
521,1,11,1,0.0
522,1,11,2,0.2
523,1,11,5,0.8
524,1,11,1,0.0
525,1,11,3,0.4
526,1,11,1,0.0
527,1,11,1,0.0
528,1,11,1,0.0
529,1,11,2,0.2
530,1,11,1,0.0
531,1,11,1,0.0
532,1,11,5,0.8
533,1,11,1,0.0
534,1,11,2,0.2
535,1,11,1,0.0
536,1,11,4,0.6
537,1,11,1,0.0
538,1,11,5,0.8
539,1,11,1,0.0
540,1,11,1,0.0
541,1,11,2,0.2
542,1,11,1,0.0
543,1,11,3,0.4
544,1,11,2,0.2
545,1,11,2,0.2
546,1,11,6,1.0
547,1,11,2,0.2
548,1,11,1,0.0
549,1,11,2,0.2
550,1,11,1,0.0
551,1,11,2,0.2
552,1,11,1,0.0
553,1,11,2,0.2
554,1,11,2,0.2
555,1,11,1,0.0
556,1,11,6,1.0
557,1,11,1,0.0
558,1,11,5,0.8
559,1,11,4,0.6
560,1,11,1,0.0
561,1,11,4,0.6
562,1,11,5,0.8
563,1,11,3,0.4
564,1,11,5,0.8
565,1,11,2,0.2
566,1,11,6,1.0
567,1,11,4,0.6
568,1,11,1,0.0
569,1,11,1,0.0
570,1,11,1,0.0
571,1,11,1,0.0
572,1,11,1,0.0
573,1,11,1,0.0
574,1,11,1,0.0
575,1,11,2,0.2
576,1,11,1,0.0
577,1,11,1,0.0
578,1,11,1,0.0
579,1,11,6,1.0
580,1,11,2,0.2
581,1,11,4,0.6
582,1,11,1,0.0
583,1,11,1,0.0
584,1,11,1,0.0
585,1,11,1,0.0
586,1,11,5,0.8
587,1,11,3,0.4
588,1,11,1,0.0
589,1,11,3,0.4
590,1,11,1,0.0
591,1,11,2,0.2
592,1,11,2,0.2
593,1,11,1,0.0
594,1,11,1,0.0
595,1,11,1,0.0
596,1,11,2,0.2
597,1,11,1,0.0
598,1,11,5,0.8
599,1,11,1,0.0
600,1,11,5,0.8
601,1,11,3,0.4
101,0,12,1,0.0
102,0,12,1,0.0
103,0,12,6,1.0
104,0,12,6,1.0
105,0,12,1,0.0
106,0,12,1,0.0
107,0,12,1,0.0
108,0,12,2,0.2
109,0,12,2,0.2
110,0,12,1,0.0
111,0,12,1,0.0
112,0,12,1,0.0
113,0,12,1,0.0
114,0,12,1,0.0
115,0,12,4,0.6
116,0,12,1,0.0
117,0,12,2,0.2
118,0,12,1,0.0
119,0,12,2,0.2
120,0,12,1,0.0
121,0,12,1,0.0
122,0,12,1,0.0
123,0,12,6,1.0
124,0,12,1,0.0
125,0,12,1,0.0
126,0,12,1,0.0
127,0,12,2,0.2
128,0,12,1,0.0
129,0,12,1,0.0
130,0,12,1,0.0
131,0,12,1,0.0
132,0,12,1,0.0
133,0,12,3,0.4
134,0,12,1,0.0
135,0,12,4,0.6
136,0,12,4,0.6
137,0,12,1,0.0
138,0,12,3,0.4
139,0,12,4,0.6
140,0,12,5,0.8
141,0,12,1,0.0
142,0,12,5,0.8
143,0,12,1,0.0
144,0,12,1,0.0
145,0,12,1,0.0
146,0,12,1,0.0
147,0,12,1,0.0
148,0,12,1,0.0
149,0,12,1,0.0
150,0,12,4,0.6
151,0,12,1,0.0
152,0,12,5,0.8
153,0,12,1,0.0
154,0,12,5,0.8
155,0,12,3,0.4
156,0,12,2,0.2
157,0,12,1,0.0
158,0,12,5,0.8
159,0,12,1,0.0
160,0,12,1,0.0
161,0,12,6,1.0
162,0,12,2,0.2
163,0,12,4,0.6
164,0,12,6,1.0
165,0,12,2,0.2
166,0,12,1,0.0
167,0,12,1,0.0
168,0,12,3,0.4
169,0,12,1,0.0
170,0,12,1,0.0
171,0,12,2,0.2
172,0,12,4,0.6
173,0,12,1,0.0
174,0,12,1,0.0
175,0,12,6,1.0
176,0,12,1,0.0
177,0,12,6,1.0
178,0,12,3,0.4
179,0,12,1,0.0
180,0,12,1,0.0
181,0,12,1,0.0
182,0,12,1,0.0
183,0,12,3,0.4
184,0,12,4,0.6
185,0,12,1,0.0
186,0,12,2,0.2
187,0,12,5,0.8
188,0,12,1,0.0
189,0,12,6,1.0
190,0,12,4,0.6
191,0,12,1,0.0
192,0,12,1,0.0
193,0,12,5,0.8
194,0,12,1,0.0
195,0,12,5,0.8
196,0,12,1,0.0
197,0,12,1,0.0
198,0,12,3,0.4
199,0,12,1,0.0
200,0,12,2,0.2
201,0,12,5,0.8
202,0,12,1,0.0
203,0,12,1,0.0
204,0,12,5,0.8
205,0,12,1,0.0
206,0,12,6,1.0
207,0,12,5,0.8
208,0,12,1,0.0
209,0,12,1,0.0
210,0,12,6,1.0
211,0,12,1,0.0
212,0,12,1,0.0
213,0,12,1,0.0
214,0,12,5,0.8
215,0,12,4,0.6
216,0,12,4,0.6
217,0,12,1,0.0
218,0,12,1,0.0
219,0,12,1,0.0
220,0,12,1,0.0
221,0,12,6,1.0
222,0,12,1,0.0
223,0,12,3,0.4
224,0,12,4,0.6
225,0,12,3,0.4
226,0,12,1,0.0
227,0,12,1,0.0
228,0,12,1,0.0
229,0,12,1,0.0
230,0,12,1,0.0
231,0,12,1,0.0
232,0,12,6,1.0
233,0,12,3,0.4
234,0,12,1,0.0
235,0,12,1,0.0
236,0,12,2,0.2
237,0,12,2,0.2
238,0,12,1,0.0
239,0,12,1,0.0
240,0,12,1,0.0
241,0,12,4,0.6
242,0,12,2,0.2
243,0,12,1,0.0
244,0,12,1,0.0
245,0,12,1,0.0
246,0,12,3,0.4
247,0,12,1,0.0
248,0,12,1,0.0
249,0,12,1,0.0
250,0,12,1,0.0
251,0,12,1,0.0
252,0,12,1,0.0
253,0,12,2,0.2
254,0,12,1,0.0
255,0,12,6,1.0
256,0,12,3,0.4
257,0,12,1,0.0
258,0,12,6,1.0
259,0,12,4,0.6
260,0,12,1,0.0
261,0,12,1,0.0
262,0,12,2,0.2
263,0,12,1,0.0
264,0,12,4,0.6
265,0,12,3,0.4
266,0,12,2,0.2
267,0,12,1,0.0
268,0,12,2,0.2
269,0,12,1,0.0
270,0,12,1,0.0
271,0,12,2,0.2
272,0,12,1,0.0
273,0,12,6,1.0
274,0,12,1,0.0
275,0,12,5,0.8
276,0,12,2,0.2
277,0,12,4,0.6
278,0,12,6,1.0
279,0,12,5,0.8
280,0,12,6,1.0
281,0,12,5,0.8
282,0,12,1,0.0
283,0,12,5,0.8
284,0,12,6,1.0
285,0,12,1,0.0
286,0,12,1,0.0
287,0,12,1,0.0
288,0,12,1,0.0
289,0,12,2,0.2
290,0,12,1,0.0
291,0,12,1,0.0
292,0,12,1,0.0
293,0,12,1,0.0
294,0,12,1,0.0
295,0,12,3,0.4
296,0,12,5,0.8
297,0,12,1,0.0
298,0,12,1,0.0
299,0,12,1,0.0
300,0,12,2,0.2
301,0,12,1,0.0
302,0,12,1,0.0
303,0,12,1,0.0
304,0,12,1,0.0
305,0,12,1,0.0
306,0,12,5,0.8
307,0,12,5,0.8
308,0,12,1,0.0
309,0,12,1,0.0
310,0,12,1,0.0
311,0,12,2,0.2
312,0,12,2,0.2
313,0,12,1,0.0
314,0,12,4,0.6
315,0,12,1,0.0
316,0,12,3,0.4
317,0,12,1,0.0
318,0,12,1,0.0
319,0,12,1,0.0
320,0,12,5,0.8
321,0,12,1,0.0
322,0,12,4,0.6
323,0,12,4,0.6
324,0,12,3,0.4
325,0,12,1,0.0
326,0,12,3,0.4
327,0,12,3,0.4
328,0,12,2,0.2
329,0,12,3,0.4
330,0,12,1,0.0
331,0,12,2,0.2
332,0,12,6,1.0
333,0,12,1,0.0
334,0,12,5,0.8
335,0,12,1,0.0
336,0,12,5,0.8
337,0,12,5,0.8
338,0,12,3,0.4
339,0,12,2,0.2
340,0,12,1,0.0
341,0,12,1,0.0
342,0,12,1,0.0
343,0,12,1,0.0
344,0,12,1,0.0
345,0,12,2,0.2
346,0,12,3,0.4
347,0,12,6,1.0
348,0,12,1,0.0
349,0,12,4,0.6
350,0,12,1,0.0
351,0,12,3,0.4
352,0,12,1,0.0
353,0,12,4,0.6
354,0,12,1,0.0
355,0,12,3,0.4
356,0,12,4,0.6
357,0,12,4,0.6
358,0,12,1,0.0
359,0,12,1,0.0
360,0,12,1,0.0
361,1,12,1,0.0
362,1,12,1,0.0
363,1,12,1,0.0
364,1,12,1,0.0
365,1,12,1,0.0
366,1,12,1,0.0
367,1,12,4,0.6
368,1,12,1,0.0
369,1,12,2,0.2
370,1,12,3,0.4
371,1,12,1,0.0
372,1,12,5,0.8
373,1,12,1,0.0
374,1,12,6,1.0
375,1,12,2,0.2
376,1,12,1,0.0
377,1,12,4,0.6
378,1,12,6,1.0
379,1,12,1,0.0
380,1,12,4,0.6
381,1,12,4,0.6
382,1,12,4,0.6
383,1,12,1,0.0
384,1,12,1,0.0
385,1,12,1,0.0
386,1,12,1,0.0
387,1,12,1,0.0
388,1,12,3,0.4
389,1,12,1,0.0
390,1,12,1,0.0
391,1,12,1,0.0
392,1,12,1,0.0
393,1,12,3,0.4
394,1,12,1,0.0
395,1,12,1,0.0
396,1,12,2,0.2
397,1,12,1,0.0
398,1,12,2,0.2
399,1,12,3,0.4
400,1,12,1,0.0
401,1,12,1,0.0
402,1,12,1,0.0
403,1,12,1,0.0
404,1,12,2,0.2
405,1,12,3,0.4
406,1,12,4,0.6
407,1,12,1,0.0
408,1,12,2,0.2
409,1,12,3,0.4
410,1,12,1,0.0
411,1,12,4,0.6
412,1,12,1,0.0
413,1,12,1,0.0
414,1,12,1,0.0
415,1,12,1,0.0
416,1,12,1,0.0
417,1,12,2,0.2
418,1,12,1,0.0
419,1,12,1,0.0
420,1,12,2,0.2
421,1,12,1,0.0
422,1,12,1,0.0
423,1,12,5,0.8
424,1,12,4,0.6
425,1,12,5,0.8
426,1,12,6,1.0
427,1,12,1,0.0
428,1,12,1,0.0
429,1,12,1,0.0
430,1,12,1,0.0
431,1,12,1,0.0
432,1,12,6,1.0
433,1,12,1,0.0
434,1,12,1,0.0
435,1,12,1,0.0
436,1,12,1,0.0
437,1,12,4,0.6
438,1,12,3,0.4
439,1,12,1,0.0
440,1,12,1,0.0
441,1,12,1,0.0
442,1,12,1,0.0
443,1,12,1,0.0
444,1,12,1,0.0
445,1,12,4,0.6
446,1,12,1,0.0
447,1,12,1,0.0
448,1,12,1,0.0
449,1,12,1,0.0
450,1,12,1,0.0
451,1,12,1,0.0
452,1,12,1,0.0
453,1,12,1,0.0
454,1,12,1,0.0
455,1,12,1,0.0
456,1,12,1,0.0
457,1,12,1,0.0
458,1,12,1,0.0
459,1,12,1,0.0
460,1,12,1,0.0
461,1,12,1,0.0
462,1,12,1,0.0
463,1,12,5,0.8
464,1,12,1,0.0
465,1,12,5,0.8
466,1,12,1,0.0
467,1,12,1,0.0
468,1,12,4,0.6
469,1,12,4,0.6
470,1,12,5,0.8
471,1,12,1,0.0
472,1,12,5,0.8
473,1,12,1,0.0
474,1,12,3,0.4
475,1,12,2,0.2
476,1,12,5,0.8
477,1,12,1,0.0
478,1,12,1,0.0
479,1,12,1,0.0
480,1,12,1,0.0
481,1,12,2,0.2
482,1,12,1,0.0
483,1,12,1,0.0
484,1,12,1,0.0
485,1,12,1,0.0
486,1,12,1,0.0
487,1,12,1,0.0
488,1,12,1,0.0
489,1,12,1,0.0
490,1,12,1,0.0
491,1,12,1,0.0
492,1,12,1,0.0
493,1,12,1,0.0
494,1,12,1,0.0
495,1,12,1,0.0
496,1,12,1,0.0
497,1,12,3,0.4
498,1,12,1,0.0
499,1,12,6,1.0
500,1,12,1,0.0
501,1,12,5,0.8
502,1,12,1,0.0
503,1,12,2,0.2
504,1,12,6,1.0
505,1,12,4,0.6
506,1,12,1,0.0
507,1,12,1,0.0
508,1,12,2,0.2
509,1,12,1,0.0
510,1,12,4,0.6
511,1,12,2,0.2
512,1,12,1,0.0
513,1,12,1,0.0
514,1,12,1,0.0
515,1,12,5,0.8
516,1,12,1,0.0
517,1,12,1,0.0
518,1,12,1,0.0
519,1,12,1,0.0
520,1,12,6,1.0
521,1,12,1,0.0
522,1,12,2,0.2
523,1,12,5,0.8
524,1,12,2,0.2
525,1,12,1,0.0
526,1,12,1,0.0
527,1,12,1,0.0
528,1,12,1,0.0
529,1,12,1,0.0
530,1,12,1,0.0
531,1,12,1,0.0
532,1,12,6,1.0
533,1,12,1,0.0
534,1,12,1,0.0
535,1,12,1,0.0
536,1,12,3,0.4
537,1,12,1,0.0
538,1,12,5,0.8
539,1,12,1,0.0
540,1,12,1,0.0
541,1,12,1,0.0
542,1,12,1,0.0
543,1,12,3,0.4
544,1,12,3,0.4
545,1,12,1,0.0
546,1,12,4,0.6
547,1,12,1,0.0
548,1,12,1,0.0
549,1,12,3,0.4
550,1,12,1,0.0
551,1,12,5,0.8
552,1,12,1,0.0
553,1,12,1,0.0
554,1,12,3,0.4
555,1,12,1,0.0
556,1,12,6,1.0
557,1,12,1,0.0
558,1,12,2,0.2
559,1,12,1,0.0
560,1,12,1,0.0
561,1,12,4,0.6
562,1,12,5,0.8
563,1,12,1,0.0
564,1,12,1,0.0
565,1,12,2,0.2
566,1,12,6,1.0
567,1,12,2,0.2
568,1,12,1,0.0
569,1,12,1,0.0
570,1,12,1,0.0
571,1,12,1,0.0
572,1,12,1,0.0
573,1,12,1,0.0
574,1,12,1,0.0
575,1,12,2,0.2
576,1,12,1,0.0
577,1,12,1,0.0
578,1,12,1,0.0
579,1,12,5,0.8
580,1,12,2,0.2
581,1,12,5,0.8
582,1,12,1,0.0
583,1,12,1,0.0
584,1,12,1,0.0
585,1,12,1,0.0
586,1,12,4,0.6
587,1,12,1,0.0
588,1,12,1,0.0
589,1,12,4,0.6
590,1,12,1,0.0
591,1,12,2,0.2
592,1,12,1,0.0
593,1,12,1,0.0
594,1,12,1,0.0
595,1,12,1,0.0
596,1,12,2,0.2
597,1,12,1,0.0
598,1,12,2,0.2
599,1,12,1,0.0
600,1,12,5,0.8
601,1,12,1,0.0
